champion,position,rank
Akali,middle,iron
Fizz,middle,iron
Fizz,middle,iron
Fizz,middle,iron
Fizz,middle,iron
Irelia,top,iron
Yone,top,iron
Yasuo,middle,iron
Fizz,middle,iron
Fizz,middle,iron
Soraka,utility,iron
Soraka,utility,iron
Diana,jungle,iron
Morgana,utility,iron
Soraka,utility,iron
Soraka,utility,iron
Soraka,utility,iron
Soraka,utility,iron
Ashe,utility,iron
Akali,middle,iron
Akali,middle,iron
Akali,middle,iron
Akali,middle,iron
Velkoz,middle,iron
Akali,middle,iron
XinZhao,jungle,iron
Maokai,jungle,iron
Nilah,bottom,iron
MissFortune,bottom,iron
Lucian,bottom,iron
Ekko,middle,iron
Fizz,middle,iron
Fizz,middle,iron
Samira,bottom,iron
Seraphine,bottom,iron
Nocturne,jungle,iron
Hecarim,jungle,iron
Kindred,jungle,iron
Rengar,jungle,iron
MissFortune,bottom,iron
MissFortune,bottom,iron
MissFortune,bottom,iron
Tristana,bottom,iron
MissFortune,bottom,iron
MissFortune,bottom,iron
MissFortune,bottom,iron
Lux,utility,iron
Ezreal,bottom,iron
Ezreal,bottom,iron
Lux,middle,iron
Ahri,middle,iron
Ahri,middle,iron
Lux,middle,iron
Lux,middle,iron
Ahri,middle,iron
Lux,middle,iron
Lux,utility,iron
Morgana,utility,iron
Lux,middle,iron
Lucian,bottom,iron
MissFortune,bottom,iron
Ezreal,bottom,iron
MissFortune,bottom,iron
Veigar,middle,iron
Kassadin,middle,iron
Fizz,middle,iron
Fizz,middle,iron
Fizz,middle,iron
Veigar,middle,iron
Veigar,middle,iron
Veigar,middle,iron
Yorick,top,iron
Veigar,middle,iron
Veigar,middle,iron
Yorick,top,iron
FiddleSticks,jungle,iron
Kaisa,bottom,iron
Kaisa,bottom,iron
Kaisa,bottom,iron
Kaisa,bottom,iron
Kaisa,bottom,iron
Kaisa,bottom,iron
Kaisa,bottom,iron
Kaisa,bottom,iron
Kaisa,bottom,iron
Kaisa,bottom,iron
Sivir,bottom,iron
Sivir,bottom,iron
Sivir,bottom,iron
Sivir,bottom,iron
Sivir,bottom,iron
Sivir,bottom,iron
Ezreal,bottom,iron
Yasuo,bottom,iron
Jinx,bottom,iron
Renekton,top,iron
Riven,top,iron
Darius,top,iron
Leblanc,bottom,iron
Sion,utility,iron
Ashe,bottom,iron
Shyvana,jungle,iron
Senna,utility,iron
Alistar,utility,iron
Ekko,jungle,iron
Ekko,jungle,iron
Orianna,utility,iron
Poppy,top,iron
Poppy,top,iron
Poppy,top,iron
Poppy,top,iron
Poppy,top,iron
Jhin,bottom,iron
Ezreal,bottom,iron
Chogath,top,iron
Yone,top,iron
Garen,top,iron
Aatrox,top,iron
Aatrox,top,iron
TahmKench,utility,iron
Cassiopeia,middle,iron
Orianna,middle,iron
Orianna,middle,iron
Galio,middle,iron
Blitzcrank,utility,iron
Blitzcrank,utility,iron
Lux,utility,iron
Seraphine,utility,iron
Sejuani,utility,iron
Tryndamere,top,iron
Shaco,jungle,iron
Shaco,jungle,iron
Shen,top,iron
Shen,top,iron
Shen,top,iron
Shen,top,iron
MasterYi,jungle,iron
Lillia,jungle,iron
Pyke,utility,iron
Viego,jungle,iron
Belveth,jungle,iron
Morgana,utility,iron
Brand,utility,iron
Brand,utility,iron
Morgana,utility,iron
Evelynn,jungle,iron
LeeSin,jungle,iron
Yasuo,middle,iron
Hecarim,jungle,iron
Khazix,jungle,iron
Hecarim,jungle,iron
Yasuo,middle,iron
Kayn,jungle,iron
Khazix,jungle,iron
Warwick,jungle,iron
Katarina,middle,iron
Yasuo,top,iron
Zed,middle,iron
Mordekaiser,top,iron
Katarina,middle,iron
Yasuo,middle,iron
Sylas,middle,iron
Katarina,middle,iron
Yasuo,middle,iron
Katarina,middle,iron
Zyra,utility,iron
Zyra,utility,iron
Zyra,utility,iron
Lux,utility,iron
Lux,utility,iron
Lux,utility,iron
Zed,middle,iron
Sion,utility,iron
Kindred,middle,iron
MissFortune,bottom,iron
Jinx,bottom,iron
Jinx,bottom,iron
Mordekaiser,middle,iron
Yasuo,middle,iron
Zed,jungle,iron
Ekko,jungle,iron
Seraphine,utility,iron
Ashe,bottom,iron
Ashe,bottom,iron
Nasus,utility,iron
Veigar,middle,iron
Sylas,middle,iron
Veigar,middle,iron
Veigar,middle,iron
Yone,middle,iron
Anivia,middle,iron
Ashe,bottom,iron
Vayne,bottom,iron
Vayne,bottom,iron
Xayah,bottom,iron
Vayne,bottom,iron
Ashe,bottom,iron
Ashe,bottom,iron
Kaisa,bottom,iron
Morgana,utility,iron
Morgana,utility,iron
Mordekaiser,top,iron
Yasuo,middle,iron
Jax,top,iron
Aatrox,top,iron
Darius,top,iron
Samira,bottom,iron
Ekko,middle,iron
Jinx,bottom,iron
Lux,utility,iron
Thresh,utility,iron
Briar,top,iron
Senna,utility,iron
Jinx,bottom,iron
Shen,utility,iron
Pantheon,utility,iron
Rell,utility,iron
Veigar,middle,iron
Amumu,jungle,iron
Nunu,jungle,iron
Lux,utility,iron
Velkoz,utility,iron
Rakan,utility,iron
Velkoz,utility,iron
Nautilus,utility,iron
Morgana,utility,iron
Alistar,utility,iron
Senna,utility,iron
Evelynn,jungle,iron
Shaco,jungle,iron
Soraka,utility,iron
Nami,utility,iron
Teemo,top,iron
Teemo,top,iron
Jhin,bottom,iron
MissFortune,bottom,iron
MissFortune,bottom,iron
Jhin,bottom,iron
Quinn,top,iron
Yorick,top,iron
Gangplank,top,iron
Quinn,top,iron
Garen,top,iron
Nasus,top,iron
Brand,utility,iron
Leblanc,middle,iron
Fizz,middle,iron
Fizz,middle,iron
Fizz,middle,iron
Fizz,middle,iron
Fizz,middle,iron
Fizz,middle,iron
Leblanc,utility,iron
Leblanc,middle,iron
Irelia,middle,iron
Irelia,middle,iron
Irelia,middle,iron
Irelia,middle,iron
Irelia,middle,iron
Irelia,middle,iron
Naafiri,middle,iron
Irelia,middle,iron
Irelia,middle,iron
Irelia,middle,iron
Lux,utility,iron
Seraphine,utility,iron
Jax,top,iron
Kayle,top,iron
Tryndamere,top,iron
DrMundo,top,iron
Soraka,utility,iron
Ashe,bottom,iron
Olaf,top,iron
Fizz,middle,iron
Fizz,middle,iron
Fizz,middle,iron
Fizz,middle,iron
Fizz,middle,iron
Fizz,middle,iron
Diana,jungle,iron
Lillia,jungle,iron
Lillia,jungle,iron
Kayn,jungle,iron
Lillia,jungle,iron
Sejuani,jungle,iron
Trundle,jungle,iron
Sejuani,jungle,iron
Morgana,utility,iron
Morgana,utility,iron
Morgana,utility,iron
Morgana,utility,iron
Blitzcrank,utility,iron
Renata,utility,iron
Teemo,top,iron
Zyra,utility,iron
Zyra,utility,iron
Brand,utility,iron
Zyra,utility,iron
Taric,utility,iron
Braum,utility,iron
Taric,utility,iron
Taric,utility,iron
Jax,top,iron
Veigar,middle,iron
Hecarim,jungle,iron
Hecarim,jungle,iron
Hecarim,jungle,iron
Hecarim,jungle,iron
Hecarim,jungle,iron
Hecarim,jungle,iron
Hecarim,jungle,iron
Hecarim,jungle,iron
XinZhao,jungle,iron
Jhin,bottom,iron
Naafiri,middle,iron
Jhin,bottom,iron
Naafiri,middle,iron
Samira,bottom,iron
Akali,middle,iron
Akali,middle,iron
Akali,middle,iron
Naafiri,middle,iron
Akali,middle,iron
Shaco,jungle,iron
Shaco,jungle,iron
Pantheon,top,iron
Shaco,jungle,iron
Shaco,jungle,iron
Swain,utility,iron
Zyra,utility,iron
Evelynn,jungle,iron
Akali,top,iron
Gnar,top,iron
Kayle,top,iron
Camille,top,iron
Fiora,top,iron
Evelynn,jungle,iron
Vi,jungle,iron
Vi,jungle,iron
Vi,jungle,iron
Hecarim,jungle,iron
Fizz,middle,iron
Lux,middle,iron
Fizz,middle,iron
MasterYi,jungle,iron
MasterYi,jungle,iron
Garen,top,iron
Riven,top,iron
Brand,utility,iron
Graves,jungle,iron
Neeko,middle,iron
Neeko,middle,iron
Akali,top,iron
Kalista,top,iron
Aatrox,top,iron
Aatrox,top,iron
Kennen,top,iron
Camille,top,iron
Renekton,top,iron
Irelia,top,iron
Singed,top,iron
Quinn,top,iron
Sylas,jungle,iron
KSante,top,iron
Shyvana,jungle,iron
Nunu,jungle,iron
Samira,bottom,iron
Samira,bottom,iron
Ezreal,bottom,iron
Varus,bottom,iron
Amumu,jungle,iron
Nunu,jungle,iron
Brand,invalid,iron
Amumu,invalid,iron
MasterYi,jungle,iron
Nunu,invalid,iron
Yuumi,jungle,iron
Malphite,jungle,iron
Yuumi,jungle,iron
Yuumi,jungle,iron
Lux,utility,iron
Malphite,utility,iron
Malphite,utility,iron
Malphite,utility,iron
Malphite,utility,iron
Zed,middle,iron
Zed,invalid,iron
Zed,middle,iron
Zed,middle,iron
Zed,middle,iron
Zed,middle,iron
Zed,jungle,iron
Yasuo,middle,iron
Yasuo,middle,iron
Yasuo,top,iron
Zed,middle,iron
Thresh,utility,iron
Pyke,utility,iron
LeeSin,middle,iron
Ashe,middle,iron
Naafiri,middle,bronze
Jinx,bottom,bronze
Aphelios,bottom,bronze
Ezreal,bottom,bronze
Volibear,top,bronze
Jax,top,bronze
Ryze,middle,bronze
Vex,middle,bronze
Yasuo,top,bronze
Vayne,bottom,bronze
Akali,middle,bronze
Zed,middle,bronze
Renekton,top,bronze
TahmKench,middle,bronze
TahmKench,top,bronze
TahmKench,top,bronze
Milio,utility,bronze
Milio,utility,bronze
Riven,top,bronze
Kaisa,bottom,bronze
Caitlyn,bottom,bronze
Jayce,top,bronze
Irelia,top,bronze
Yone,top,bronze
Yone,top,bronze
Jax,top,bronze
Yone,top,bronze
Kayle,top,bronze
Ezreal,bottom,bronze
Garen,top,bronze
Sett,top,bronze
Fizz,middle,bronze
MasterYi,jungle,bronze
MasterYi,jungle,bronze
Warwick,jungle,bronze
MasterYi,jungle,bronze
Lux,utility,bronze
Lux,utility,bronze
Lux,utility,bronze
Lux,utility,bronze
Maokai,utility,bronze
Maokai,utility,bronze
Graves,jungle,bronze
Shyvana,jungle,bronze
Kayn,jungle,bronze
Shyvana,jungle,bronze
Sylas,jungle,bronze
Evelynn,jungle,bronze
Khazix,jungle,bronze
Aatrox,top,bronze
Renekton,top,bronze
Aatrox,top,bronze
Aatrox,top,bronze
Aatrox,top,bronze
Aatrox,top,bronze
Yorick,top,bronze
Aatrox,top,bronze
Mordekaiser,top,bronze
Mordekaiser,top,bronze
Mordekaiser,top,bronze
Draven,bottom,bronze
Draven,bottom,bronze
Draven,bottom,bronze
Camille,top,bronze
Sion,middle,bronze
AurelionSol,middle,bronze
Veigar,middle,bronze
Garen,middle,bronze
Lux,middle,bronze
Garen,middle,bronze
Irelia,top,bronze
Kindred,bottom,bronze
Fiora,top,bronze
Garen,top,bronze
Illaoi,top,bronze
Lux,utility,bronze
Lux,utility,bronze
Blitzcrank,utility,bronze
Thresh,utility,bronze
Lux,utility,bronze
Lux,utility,bronze
Karma,utility,bronze
Zoe,middle,bronze
Sylas,middle,bronze
Sylas,middle,bronze
Zoe,middle,bronze
Zoe,middle,bronze
Karma,utility,bronze
Alistar,utility,bronze
Blitzcrank,utility,bronze
Braum,utility,bronze
Janna,utility,bronze
Karma,utility,bronze
Karma,utility,bronze
Karma,utility,bronze
Karma,utility,bronze
Karma,utility,bronze
Karma,utility,bronze
Shen,utility,bronze
Yorick,top,bronze
Yorick,top,bronze
Diana,middle,bronze
Katarina,middle,bronze
Vex,middle,bronze
Vex,middle,bronze
Senna,utility,bronze
Kaisa,bottom,bronze
Ziggs,bottom,bronze
MissFortune,bottom,bronze
Kaisa,bottom,bronze
Jhin,bottom,bronze
Viego,jungle,bronze
Ezreal,bottom,bronze
Draven,bottom,bronze
Vayne,bottom,bronze
Vayne,bottom,bronze
Caitlyn,bottom,bronze
Caitlyn,bottom,bronze
Vayne,bottom,bronze
Caitlyn,bottom,bronze
Vayne,bottom,bronze
Twitch,bottom,bronze
Twitch,bottom,bronze
Twitch,bottom,bronze
Twitch,bottom,bronze
Sett,bottom,bronze
Jhin,bottom,bronze
Caitlyn,bottom,bronze
Caitlyn,bottom,bronze
Caitlyn,bottom,bronze
Caitlyn,bottom,bronze
Caitlyn,bottom,bronze
Caitlyn,bottom,bronze
Jhin,bottom,bronze
Illaoi,bottom,bronze
Gangplank,middle,bronze
Gangplank,middle,bronze
Gangplank,middle,bronze
Vex,middle,bronze
Gangplank,middle,bronze
Lulu,utility,bronze
Bard,utility,bronze
Lulu,utility,bronze
Lulu,utility,bronze
Lulu,utility,bronze
Lulu,utility,bronze
Lulu,utility,bronze
Lulu,utility,bronze
Lulu,utility,bronze
Nautilus,utility,bronze
Caitlyn,bottom,bronze
Kaisa,bottom,bronze
Caitlyn,bottom,bronze
Jinx,bottom,bronze
Sivir,bottom,bronze
Xayah,bottom,bronze
Jhin,bottom,bronze
LeeSin,jungle,bronze
Veigar,middle,bronze
Veigar,middle,bronze
Veigar,middle,bronze
Veigar,middle,bronze
Pantheon,middle,bronze
MasterYi,jungle,bronze
Veigar,middle,bronze
Veigar,middle,bronze
Veigar,middle,bronze
Jayce,middle,bronze
Nocturne,jungle,bronze
Nocturne,jungle,bronze
Nocturne,jungle,bronze
Nocturne,jungle,bronze
Nocturne,jungle,bronze
Nocturne,jungle,bronze
Nocturne,jungle,bronze
Nocturne,jungle,bronze
Nocturne,jungle,bronze
Nocturne,jungle,bronze
Graves,jungle,bronze
Yone,middle,bronze
Fiora,top,bronze
Viego,jungle,bronze
Graves,jungle,bronze
Graves,jungle,bronze
JarvanIV,jungle,bronze
Sylas,jungle,bronze
Briar,jungle,bronze
Maokai,jungle,bronze
Gragas,top,bronze
Nunu,middle,bronze
Graves,jungle,bronze
Neeko,middle,bronze
Neeko,middle,bronze
Gwen,jungle,bronze
Annie,middle,bronze
Neeko,middle,bronze
Neeko,middle,bronze
Neeko,middle,bronze
Neeko,middle,bronze
Diana,jungle,bronze
Diana,jungle,bronze
Nunu,jungle,bronze
Kindred,jungle,bronze
Kindred,jungle,bronze
Kindred,jungle,bronze
Nocturne,jungle,bronze
Kindred,jungle,bronze
Kindred,jungle,bronze
Seraphine,utility,bronze
Nami,utility,bronze
Diana,jungle,bronze
Nami,utility,bronze
Nami,utility,bronze
Ekko,jungle,bronze
Kayn,jungle,bronze
Elise,jungle,bronze
Briar,jungle,bronze
Kayn,jungle,bronze
Briar,jungle,bronze
Kayn,jungle,bronze
Kayn,jungle,bronze
Kayn,jungle,bronze
Kindred,jungle,bronze
Rammus,jungle,bronze
Sejuani,jungle,bronze
Sejuani,jungle,bronze
Amumu,jungle,bronze
Sejuani,jungle,bronze
Sejuani,jungle,bronze
Sejuani,jungle,bronze
Sejuani,jungle,bronze
Amumu,jungle,bronze
Sejuani,jungle,bronze
Pyke,utility,bronze
Pyke,utility,bronze
Pyke,utility,bronze
Pyke,utility,bronze
Tristana,bottom,bronze
Draven,bottom,bronze
Draven,bottom,bronze
Ezreal,bottom,bronze
Veigar,middle,bronze
Sylas,middle,bronze
Sylas,middle,bronze
Briar,jungle,bronze
Khazix,jungle,bronze
Khazix,jungle,bronze
Briar,jungle,bronze
Briar,jungle,bronze
Briar,jungle,bronze
Briar,jungle,bronze
Xayah,bottom,bronze
Xayah,bottom,bronze
Ashe,bottom,bronze
Aphelios,bottom,bronze
Kaisa,bottom,bronze
Kaisa,bottom,bronze
Caitlyn,bottom,bronze
AurelionSol,middle,bronze
AurelionSol,middle,bronze
AurelionSol,middle,bronze
AurelionSol,middle,bronze
Jinx,bottom,bronze
Caitlyn,bottom,bronze
MissFortune,bottom,bronze
Caitlyn,bottom,bronze
Caitlyn,bottom,bronze
Shyvana,jungle,bronze
Briar,jungle,bronze
Briar,jungle,bronze
Briar,jungle,bronze
Diana,jungle,bronze
Nocturne,jungle,bronze
Briar,jungle,bronze
Briar,jungle,bronze
Briar,jungle,bronze
Ezreal,bottom,bronze
Ezreal,bottom,bronze
Ezreal,bottom,bronze
Ezreal,bottom,bronze
Ezreal,bottom,bronze
Ezreal,bottom,bronze
Ezreal,bottom,bronze
Jhin,bottom,bronze
Ezreal,bottom,bronze
Shaco,jungle,bronze
Yasuo,middle,bronze
Yasuo,middle,bronze
Ryze,middle,bronze
Tryndamere,top,bronze
Ryze,middle,bronze
Yasuo,middle,bronze
Yasuo,middle,bronze
Yasuo,middle,bronze
Yasuo,middle,bronze
MasterYi,jungle,bronze
MasterYi,jungle,bronze
MasterYi,jungle,bronze
MasterYi,jungle,bronze
MasterYi,jungle,bronze
MasterYi,jungle,bronze
MasterYi,jungle,bronze
Udyr,jungle,bronze
MasterYi,jungle,bronze
Garen,top,bronze
Jax,top,bronze
Jayce,middle,bronze
Jax,top,bronze
Jax,top,bronze
Garen,top,bronze
Jax,top,bronze
Jax,top,bronze
Jax,top,bronze
Jax,top,bronze
Graves,jungle,bronze
Graves,jungle,bronze
Karthus,jungle,bronze
XinZhao,jungle,bronze
Karthus,jungle,bronze
Karthus,jungle,bronze
LeeSin,jungle,bronze
Nidalee,jungle,bronze
FiddleSticks,jungle,bronze
FiddleSticks,jungle,bronze
MasterYi,jungle,bronze
MasterYi,jungle,bronze
MasterYi,jungle,bronze
Khazix,jungle,bronze
Jax,jungle,bronze
MasterYi,jungle,bronze
MasterYi,jungle,bronze
MasterYi,jungle,bronze
Ashe,bottom,bronze
Briar,jungle,bronze
Yone,middle,bronze
Pantheon,middle,bronze
Yone,middle,bronze
Lucian,middle,bronze
Ziggs,middle,bronze
Irelia,middle,bronze
Qiyana,middle,bronze
Yasuo,middle,bronze
Teemo,top,bronze
Singed,top,bronze
Morgana,utility,bronze
Morgana,utility,bronze
Rakan,utility,bronze
Morgana,utility,bronze
Morgana,utility,bronze
Morgana,utility,bronze
Jax,top,bronze
Jax,top,bronze
Irelia,top,bronze
Volibear,top,bronze
Samira,bottom,bronze
Sylas,middle,bronze
Ryze,top,bronze
KSante,top,bronze
Ziggs,bottom,bronze
Kaisa,bottom,bronze
Camille,top,bronze
JarvanIV,jungle,bronze
Ryze,middle,bronze
Kaisa,bottom,bronze
Ryze,top,bronze
Vi,jungle,bronze
Viktor,middle,bronze
Fizz,middle,bronze
Viktor,middle,bronze
Talon,middle,bronze
Khazix,jungle,bronze
Lux,utility,bronze
Lux,utility,bronze
Lux,utility,bronze
Illaoi,top,bronze
Varus,bottom,bronze
Twitch,bottom,bronze
Twitch,bottom,bronze
Varus,bottom,bronze
Sivir,bottom,bronze
Twitch,bottom,bronze
Twitch,bottom,bronze
Caitlyn,bottom,bronze
Yuumi,utility,bronze
Yuumi,utility,bronze
Yuumi,utility,bronze
Lux,middle,bronze
Zyra,utility,bronze
Zyra,utility,bronze
Neeko,utility,bronze
Warwick,jungle,bronze
Warwick,jungle,bronze
Warwick,jungle,bronze
Warwick,jungle,bronze
Volibear,jungle,bronze
Warwick,jungle,bronze
Warwick,jungle,bronze
Kaisa,bottom,bronze
Tryndamere,top,bronze
KSante,top,bronze
Urgot,top,bronze
Gangplank,top,bronze
Ekko,middle,bronze
Sylas,middle,bronze
Sylas,middle,bronze
Caitlyn,bottom,bronze
Ezreal,bottom,bronze
Urgot,top,bronze
Illaoi,top,bronze
Jax,top,bronze
Senna,utility,bronze
Garen,top,bronze
Tryndamere,top,bronze
Malphite,top,bronze
Swain,utility,bronze
Swain,utility,bronze
Warwick,jungle,bronze
Kayn,jungle,bronze
Kayn,jungle,bronze
Khazix,jungle,bronze
Poppy,top,bronze
Ahri,middle,bronze
Ahri,middle,bronze
Irelia,middle,bronze
Ahri,middle,bronze
Ahri,middle,bronze
Xerath,utility,bronze
Xerath,utility,bronze
Galio,utility,bronze
Xerath,utility,bronze
Xerath,utility,bronze
Xerath,utility,bronze
TahmKench,utility,bronze
Xerath,utility,bronze
Galio,utility,bronze
Ahri,middle,silver
Yone,middle,silver
LeeSin,jungle,silver
Viktor,middle,silver
Yasuo,middle,silver
Yasuo,middle,silver
Nunu,jungle,silver
Renekton,middle,silver
Renekton,middle,silver
Renekton,middle,silver
Renekton,middle,silver
Renekton,middle,silver
Sylas,middle,silver
AurelionSol,middle,silver
Ryze,middle,silver
Sylas,middle,silver
Sylas,middle,silver
Kaisa,middle,silver
Kaisa,middle,silver
Kaisa,middle,silver
Kaisa,middle,silver
Vladimir,middle,silver
Orianna,middle,silver
Aphelios,bottom,silver
Mordekaiser,top,silver
Karthus,jungle,silver
Kaisa,bottom,silver
Malphite,top,silver
MonkeyKing,top,silver
MonkeyKing,top,silver
Nocturne,jungle,silver
Nocturne,jungle,silver
Nocturne,jungle,silver
Akali,top,silver
Renekton,top,silver
MasterYi,jungle,silver
Naafiri,jungle,silver
Kayn,jungle,silver
Naafiri,jungle,silver
Warwick,jungle,silver
Warwick,jungle,silver
Aatrox,top,silver
Milio,utility,silver
Rell,utility,silver
Senna,utility,silver
Lux,utility,silver
Milio,utility,silver
Sona,utility,silver
Rammus,jungle,silver
Nocturne,jungle,silver
Khazix,jungle,silver
Nocturne,jungle,silver
Khazix,jungle,silver
Rammus,jungle,silver
Nocturne,jungle,silver
Rammus,jungle,silver
Nocturne,jungle,silver
Briar,jungle,silver
Karma,utility,silver
Shen,top,silver
Nami,utility,silver
Chogath,top,silver
Karma,utility,silver
Lillia,jungle,silver
Pyke,utility,silver
Pyke,utility,silver
Graves,jungle,silver
Nautilus,utility,silver
Nautilus,utility,silver
Soraka,utility,silver
Lux,utility,silver
Nautilus,utility,silver
Lux,utility,silver
Lux,utility,silver
Soraka,utility,silver
Illaoi,top,silver
Nami,utility,silver
Nami,utility,silver
Nami,utility,silver
Ziggs,bottom,silver
Kaisa,bottom,silver
Caitlyn,bottom,silver
Caitlyn,bottom,silver
Caitlyn,bottom,silver
Chogath,top,silver
Caitlyn,bottom,silver
Aphelios,bottom,silver
Sivir,bottom,silver
Kaisa,bottom,silver
Lucian,bottom,silver
Rell,utility,silver
Rell,utility,silver
Ezreal,bottom,silver
Kaisa,bottom,silver
Lucian,bottom,silver
Karthus,bottom,silver
Gragas,jungle,silver
Vladimir,middle,silver
Ahri,middle,silver
Gragas,jungle,silver
Fizz,middle,silver
Jhin,bottom,silver
Yone,middle,silver
Sylas,middle,silver
Zoe,middle,silver
Syndra,middle,silver
Yasuo,middle,silver
Yasuo,middle,silver
Yasuo,middle,silver
Yasuo,middle,silver
Yasuo,middle,silver
FiddleSticks,jungle,silver
Riven,top,silver
Riven,top,silver
Riven,top,silver
Riven,top,silver
Riven,top,silver
Riven,top,silver
Riven,top,silver
Riven,top,silver
Fiora,top,silver
Riven,top,silver
Syndra,middle,silver
Syndra,middle,silver
Ahri,middle,silver
Evelynn,jungle,silver
Malzahar,middle,silver
Pantheon,middle,silver
Fizz,middle,silver
Malzahar,middle,silver
Yasuo,middle,silver
Malzahar,middle,silver
Veigar,middle,silver
Malzahar,middle,silver
Thresh,utility,silver
Karma,utility,silver
Lucian,bottom,silver
Lucian,bottom,silver
JarvanIV,jungle,silver
Lucian,bottom,silver
JarvanIV,jungle,silver
Thresh,utility,silver
Karma,utility,silver
LeeSin,jungle,silver
Kayn,jungle,silver
Kayn,jungle,silver
Tristana,bottom,silver
Sion,top,silver
Kayle,top,silver
DrMundo,top,silver
Hecarim,jungle,silver
Ryze,middle,silver
Anivia,middle,silver
Anivia,middle,silver
Anivia,middle,silver
Amumu,jungle,silver
Teemo,top,silver
Darius,top,silver
Warwick,jungle,silver
Darius,top,silver
Darius,top,silver
Darius,top,silver
Warwick,jungle,silver
Warwick,jungle,silver
MasterYi,jungle,silver
Warwick,jungle,silver
Warwick,jungle,silver
Warwick,jungle,silver
MasterYi,jungle,silver
Warwick,jungle,silver
Warwick,jungle,silver
Warwick,jungle,silver
Xerath,bottom,silver
Caitlyn,bottom,silver
Jhin,bottom,silver
Morgana,bottom,silver
Sion,top,silver
Sion,top,silver
Sion,top,silver
Sion,top,silver
Kayle,top,silver
Sion,top,silver
Sion,top,silver
Sion,top,silver
Corki,middle,silver
Corki,middle,silver
Ezreal,middle,silver
Kayn,jungle,silver
Samira,bottom,silver
Samira,bottom,silver
Samira,bottom,silver
Kayn,jungle,silver
Nunu,jungle,silver
Nunu,jungle,silver
Nunu,jungle,silver
Nunu,jungle,silver
Nunu,jungle,silver
Lucian,middle,silver
Lucian,middle,silver
FiddleSticks,jungle,silver
Karthus,jungle,silver
FiddleSticks,jungle,silver
Lillia,jungle,silver
Karthus,jungle,silver
Karthus,jungle,silver
FiddleSticks,jungle,silver
Nasus,top,silver
Viktor,middle,silver
Pyke,utility,silver
Pyke,utility,silver
Pyke,utility,silver
Pyke,utility,silver
Pyke,utility,silver
Pyke,utility,silver
Pyke,utility,silver
Pyke,utility,silver
Pyke,utility,silver
Ornn,top,silver
Urgot,top,silver
Nasus,top,silver
Tryndamere,top,silver
Yorick,top,silver
Xerath,utility,silver
Sivir,bottom,silver
Ziggs,middle,silver
Yasuo,middle,silver
Anivia,middle,silver
Bard,utility,silver
Bard,utility,silver
Blitzcrank,utility,silver
XinZhao,jungle,silver
Bard,utility,silver
Trundle,top,silver
Veigar,middle,silver
Yasuo,middle,silver
Vayne,bottom,silver
Hecarim,jungle,silver
MasterYi,jungle,silver
Fizz,middle,silver
Vayne,bottom,silver
Nocturne,jungle,silver
MasterYi,jungle,silver
MasterYi,jungle,silver
Karthus,utility,silver
MasterYi,jungle,silver
MasterYi,jungle,silver
MasterYi,jungle,silver
MasterYi,jungle,silver
MasterYi,jungle,silver
MasterYi,jungle,silver
Nidalee,jungle,silver
Nidalee,jungle,silver
Nidalee,jungle,silver
Nidalee,jungle,silver
Nidalee,jungle,silver
LeeSin,jungle,silver
LeeSin,jungle,silver
LeeSin,jungle,silver
LeeSin,jungle,silver
Jayce,bottom,silver
Veigar,middle,silver
Yasuo,middle,silver
Yasuo,middle,silver
Yasuo,middle,silver
Yasuo,middle,silver
DrMundo,jungle,silver
Jhin,bottom,silver
Blitzcrank,utility,silver
Yasuo,middle,silver
Yasuo,middle,silver
Irelia,middle,silver
Irelia,middle,silver
Xayah,bottom,silver
KogMaw,bottom,silver
Sivir,bottom,silver
Ezreal,bottom,silver
Jhin,bottom,silver
Ezreal,bottom,silver
Jhin,bottom,silver
Caitlyn,bottom,silver
Caitlyn,bottom,silver
Ziggs,bottom,silver
Caitlyn,bottom,silver
Ashe,bottom,silver
Caitlyn,bottom,silver
Ziggs,bottom,silver
Ziggs,bottom,silver
Ziggs,middle,silver
Ziggs,middle,silver
Ziggs,middle,silver
Ziggs,middle,silver
Ziggs,bottom,silver
Ziggs,middle,silver
Ziggs,middle,silver
Alistar,utility,silver
Zoe,middle,silver
Vayne,bottom,silver
MissFortune,bottom,silver
MissFortune,bottom,silver
Lucian,bottom,silver
Jinx,bottom,silver
Vayne,bottom,silver
Morgana,jungle,silver
Morgana,jungle,silver
Morgana,jungle,silver
Diana,jungle,silver
JarvanIV,jungle,silver
Teemo,jungle,silver
Swain,middle,silver
AurelionSol,middle,silver
AurelionSol,middle,silver
Brand,middle,silver
Veigar,middle,silver
XinZhao,middle,silver
XinZhao,middle,silver
XinZhao,middle,silver
XinZhao,middle,silver
XinZhao,middle,silver
XinZhao,middle,silver
Sona,utility,silver
Sona,utility,silver
Lux,utility,silver
Sona,utility,silver
Sona,utility,silver
Lulu,utility,silver
MissFortune,bottom,silver
Lux,utility,silver
Sona,utility,silver
Caitlyn,bottom,silver
Poppy,jungle,silver
Poppy,jungle,silver
Morgana,utility,silver
Udyr,jungle,silver
Vayne,bottom,silver
Senna,utility,silver
Heimerdinger,bottom,silver
MissFortune,bottom,silver
Zed,middle,silver
Heimerdinger,utility,silver
Heimerdinger,middle,silver
Heimerdinger,middle,silver
Zed,middle,silver
Heimerdinger,middle,silver
Heimerdinger,utility,silver
Khazix,jungle,silver
Ezreal,bottom,silver
Khazix,jungle,silver
Khazix,jungle,silver
Khazix,jungle,silver
Khazix,jungle,silver
Khazix,jungle,silver
Khazix,jungle,silver
Khazix,jungle,silver
Ezreal,bottom,silver
Nasus,top,silver
Nasus,top,silver
Katarina,middle,silver
Irelia,middle,silver
Katarina,middle,silver
Nasus,top,silver
Jax,top,silver
Camille,top,silver
Tryndamere,top,silver
Swain,middle,silver
Swain,middle,silver
Swain,middle,silver
Swain,middle,silver
Xerath,utility,silver
Sion,middle,silver
Sion,top,silver
Xerath,utility,silver
Xayah,bottom,silver
Xerath,utility,silver
MissFortune,bottom,silver
Ashe,bottom,silver
Ashe,bottom,silver
Ashe,bottom,silver
Jinx,bottom,silver
Jinx,bottom,silver
Renekton,top,silver
DrMundo,top,silver
DrMundo,top,silver
Amumu,jungle,silver
Amumu,jungle,silver
DrMundo,top,silver
DrMundo,top,silver
Teemo,top,silver
DrMundo,top,silver
DrMundo,top,silver
DrMundo,top,silver
LeeSin,middle,silver
Corki,middle,silver
Yasuo,middle,silver
LeeSin,middle,silver
Veigar,middle,silver
Vex,middle,silver
Tristana,bottom,silver
Tristana,bottom,silver
Tristana,bottom,silver
Yone,middle,silver
Zed,middle,silver
Yone,middle,silver
Yone,middle,silver
Fizz,middle,silver
Kaisa,bottom,silver
Sivir,bottom,silver
Nasus,top,silver
Fiora,top,silver
Malphite,middle,silver
Malphite,middle,silver
Malphite,middle,silver
Malphite,middle,silver
Nasus,middle,silver
Kaisa,bottom,silver
Kaisa,bottom,silver
Kaisa,bottom,silver
Kaisa,bottom,silver
Kaisa,bottom,silver
Xayah,bottom,silver
Velkoz,middle,silver
Yasuo,middle,silver
Jhin,bottom,silver
Talon,jungle,silver
Twitch,bottom,silver
Talon,middle,silver
Zed,middle,silver
Pyke,utility,silver
Shyvana,jungle,silver
Shyvana,jungle,silver
RekSai,jungle,silver
Pantheon,middle,silver
Jinx,bottom,silver
Jinx,bottom,silver
Jinx,bottom,silver
Jinx,bottom,silver
Xayah,bottom,silver
Ashe,bottom,silver
MissFortune,bottom,silver
Kaisa,bottom,silver
MissFortune,bottom,silver
Ezreal,bottom,silver
LeeSin,jungle,silver
LeeSin,jungle,silver
LeeSin,jungle,silver
LeeSin,jungle,silver
LeeSin,jungle,silver
Chogath,jungle,silver
Chogath,jungle,silver
Chogath,jungle,silver
Viego,jungle,silver
Viego,jungle,silver
Viego,jungle,silver
Viego,jungle,silver
Viego,jungle,silver
Viego,jungle,silver
Sion,top,silver
Volibear,jungle,silver
Volibear,jungle,silver
Volibear,jungle,silver
Volibear,jungle,silver
Lissandra,middle,silver
Lissandra,middle,silver
Ahri,middle,silver
Ahri,middle,silver
Lulu,utility,silver
Ahri,middle,silver
Lux,utility,silver
Brand,middle,silver
Ahri,middle,silver
Ahri,middle,silver
Samira,bottom,silver
Caitlyn,bottom,silver
Karthus,bottom,silver
Twitch,bottom,silver
Ahri,middle,silver
Samira,bottom,silver
Kaisa,bottom,silver
Samira,bottom,silver
Leona,utility,silver
Nautilus,utility,silver
Nautilus,utility,silver
Nautilus,utility,silver
Leona,utility,silver
Thresh,utility,silver
Leona,utility,silver
Rakan,utility,silver
Poppy,jungle,silver
Amumu,jungle,silver
Soraka,utility,silver
Alistar,utility,silver
Karma,utility,silver
Rakan,utility,silver
Rakan,utility,silver
Rakan,utility,silver
Rakan,utility,silver
Evelynn,jungle,gold
Evelynn,jungle,gold
Evelynn,jungle,gold
MasterYi,jungle,gold
Samira,bottom,gold
Nunu,jungle,gold
Lux,utility,gold
Seraphine,utility,gold
Ashe,bottom,gold
Sivir,bottom,gold
Amumu,jungle,gold
Braum,utility,gold
Yone,top,gold
MonkeyKing,bottom,gold
MonkeyKing,bottom,gold
MonkeyKing,bottom,gold
MonkeyKing,jungle,gold
MonkeyKing,bottom,gold
MonkeyKing,jungle,gold
MonkeyKing,jungle,gold
MonkeyKing,jungle,gold
MonkeyKing,jungle,gold
MonkeyKing,jungle,gold
Alistar,utility,gold
Alistar,utility,gold
Rakan,utility,gold
Rakan,utility,gold
Braum,utility,gold
Alistar,utility,gold
Alistar,utility,gold
Rakan,utility,gold
Rakan,utility,gold
Rakan,utility,gold
Pyke,utility,gold
Alistar,utility,gold
Alistar,utility,gold
Alistar,utility,gold
Karma,utility,gold
Alistar,utility,gold
Janna,utility,gold
Milio,utility,gold
Milio,utility,gold
Thresh,utility,gold
Thresh,utility,gold
Thresh,utility,gold
Thresh,utility,gold
Thresh,utility,gold
Thresh,utility,gold
Thresh,utility,gold
Thresh,utility,gold
Karma,utility,gold
Thresh,utility,gold
Zed,middle,gold
Talon,middle,gold
Sylas,middle,gold
Viktor,middle,gold
Renekton,top,gold
Khazix,jungle,gold
Khazix,jungle,gold
Khazix,jungle,gold
JarvanIV,jungle,gold
Aatrox,top,gold
Renekton,top,gold
JarvanIV,jungle,gold
Darius,top,gold
Darius,top,gold
JarvanIV,jungle,gold
Soraka,utility,gold
Zyra,utility,gold
Nami,utility,gold
MissFortune,bottom,gold
Caitlyn,bottom,gold
DrMundo,top,gold
Darius,top,gold
Anivia,middle,gold
Anivia,middle,gold
Anivia,middle,gold
Thresh,utility,gold
Anivia,middle,gold
Anivia,middle,gold
Anivia,middle,gold
Anivia,middle,gold
Anivia,middle,gold
Anivia,middle,gold
Ezreal,bottom,gold
Ashe,bottom,gold
Vayne,bottom,gold
Caitlyn,bottom,gold
Vayne,bottom,gold
Ziggs,bottom,gold
Nilah,bottom,gold
Garen,top,gold
Kayn,jungle,gold
Kayn,jungle,gold
Kayn,jungle,gold
Nami,utility,gold
Soraka,utility,gold
Darius,top,gold
Malphite,top,gold
Sion,top,gold
Quinn,top,gold
Sion,top,gold
Darius,top,gold
Quinn,top,gold
Malphite,top,gold
Sett,top,gold
Malphite,top,gold
Ashe,bottom,gold
Ashe,bottom,gold
Jinx,bottom,gold
Ashe,bottom,gold
Ashe,bottom,gold
Singed,top,gold
Singed,top,gold
Singed,jungle,gold
Rumble,top,gold
Rumble,top,gold
Rumble,top,gold
Rumble,top,gold
Rumble,top,gold
Rumble,top,gold
Rumble,top,gold
Viego,jungle,gold
Zoe,middle,gold
Akshan,bottom,gold
Poppy,jungle,gold
Ezreal,bottom,gold
Poppy,jungle,gold
Poppy,jungle,gold
Poppy,jungle,gold
Ezreal,bottom,gold
Zoe,middle,gold
Janna,utility,gold
Twitch,bottom,gold
Ashe,bottom,gold
Kaisa,bottom,gold
Ezreal,bottom,gold
Twitch,bottom,gold
Kennen,bottom,gold
Ashe,bottom,gold
Jinx,bottom,gold
Sivir,bottom,gold
Kaisa,bottom,gold
Thresh,bottom,gold
Varus,bottom,gold
Sion,top,gold
Ezreal,bottom,gold
Ezreal,bottom,gold
Zed,middle,gold
Zed,middle,gold
Zed,middle,gold
Zed,middle,gold
Zed,middle,gold
Zed,middle,gold
Zed,middle,gold
Zed,top,gold
Zed,middle,gold
Zed,middle,gold
Aatrox,top,gold
Renekton,top,gold
Darius,top,gold
Xayah,bottom,gold
Ezreal,bottom,gold
Ezreal,bottom,gold
Sivir,bottom,gold
Varus,bottom,gold
Varus,bottom,gold
Nasus,top,gold
Ekko,middle,gold
Vladimir,middle,gold
Vladimir,middle,gold
Volibear,top,gold
Vladimir,middle,gold
Vladimir,middle,gold
Vladimir,middle,gold
Aphelios,bottom,gold
Nunu,jungle,gold
TahmKench,top,gold
JarvanIV,middle,gold
JarvanIV,middle,gold
JarvanIV,middle,gold
Naafiri,middle,gold
Malphite,middle,gold
Kassadin,middle,gold
Aatrox,top,gold
Talon,middle,gold
Garen,top,gold
Garen,top,gold
Aatrox,top,gold
Garen,top,gold
Aatrox,top,gold
Aatrox,top,gold
Aatrox,top,gold
Veigar,middle,gold
Zed,middle,gold
Pantheon,middle,gold
MissFortune,bottom,gold
Ziggs,bottom,gold
Ziggs,bottom,gold
Morgana,jungle,gold
Fizz,middle,gold
Fizz,middle,gold
Fizz,middle,gold
Riven,top,gold
Riven,top,gold
Riven,top,gold
Riven,top,gold
Riven,top,gold
Riven,top,gold
Riven,top,gold
Riven,top,gold
Riven,top,gold
Riven,top,gold
Kaisa,bottom,gold
Ezreal,bottom,gold
Kaisa,bottom,gold
Kaisa,bottom,gold
Kaisa,bottom,gold
Zeri,bottom,gold
Lucian,bottom,gold
Ashe,bottom,gold
Sion,top,gold
Sion,top,gold
Sion,top,gold
Ahri,middle,gold
Ahri,middle,gold
Ahri,middle,gold
Ahri,middle,gold
Syndra,middle,gold
Tryndamere,top,gold
Gwen,top,gold
Riven,top,gold
Riven,top,gold
Aatrox,top,gold
Renekton,top,gold
Gnar,top,gold
Olaf,top,gold
Zilean,utility,gold
Leona,utility,gold
Heimerdinger,middle,gold
Yasuo,top,gold
Blitzcrank,utility,gold
Yuumi,utility,gold
Ezreal,bottom,gold
Zyra,utility,gold
Zyra,utility,gold
Zyra,utility,gold
Zyra,utility,gold
Zyra,utility,gold
Zed,middle,gold
Talon,middle,gold
Zed,middle,gold
Zed,jungle,gold
Zed,jungle,gold
Talon,middle,gold
Zed,middle,gold
Zed,jungle,gold
Zed,jungle,gold
Zed,middle,gold
Briar,jungle,gold
Briar,jungle,gold
Lillia,jungle,gold
Briar,jungle,gold
Briar,jungle,gold
LeeSin,jungle,gold
MissFortune,bottom,gold
Kaisa,bottom,gold
MissFortune,bottom,gold
Ezreal,bottom,gold
Kaisa,bottom,gold
Kaisa,bottom,gold
Sivir,bottom,gold
Sylas,middle,gold
Ezreal,bottom,gold
Vayne,bottom,gold
Kalista,bottom,gold
Vayne,bottom,gold
Graves,middle,gold
Graves,middle,gold
Maokai,top,gold
Jax,top,gold
Yorick,top,gold
Swain,middle,gold
JarvanIV,jungle,gold
Shen,top,gold
Camille,top,gold
Xerath,middle,gold
Seraphine,bottom,gold
Thresh,utility,gold
Blitzcrank,utility,gold
Thresh,utility,gold
Blitzcrank,utility,gold
Ekko,jungle,gold
Taliyah,utility,gold
Udyr,jungle,gold
Udyr,top,gold
Udyr,top,gold
Darius,top,gold
Irelia,top,gold
Renekton,top,gold
Renekton,top,gold
Sion,top,gold
Sion,top,gold
Gangplank,top,gold
Gangplank,top,gold
Pantheon,top,gold
Chogath,top,gold
Illaoi,top,gold
Sion,top,gold
Mordekaiser,top,gold
Ashe,bottom,gold
Volibear,top,gold
Illaoi,top,gold
Sion,top,gold
Sion,top,gold
Sion,top,gold
Quinn,top,gold
Rumble,top,gold
Ziggs,middle,gold
Malzahar,middle,gold
Ziggs,middle,gold
Malzahar,middle,gold
Malzahar,middle,gold
Ziggs,middle,gold
Orianna,middle,gold
Morgana,middle,gold
Malzahar,middle,gold
Lulu,utility,gold
Seraphine,utility,gold
Lux,utility,gold
Lux,utility,gold
Karma,utility,gold
Lux,utility,gold
Lux,utility,gold
Lux,utility,gold
Illaoi,top,gold
Mordekaiser,top,gold
Illaoi,top,gold
Illaoi,top,gold
Zilean,utility,gold
Illaoi,top,gold
Illaoi,top,gold
Illaoi,top,gold
Mordekaiser,top,gold
Illaoi,top,gold
KogMaw,bottom,gold
Tristana,bottom,gold
Jax,jungle,gold
Tristana,bottom,gold
Malphite,top,gold
Thresh,utility,gold
Blitzcrank,utility,gold
Katarina,top,gold
Katarina,middle,gold
Katarina,middle,gold
Katarina,middle,gold
Katarina,middle,gold
LeeSin,bottom,gold
Soraka,utility,gold
Karma,utility,gold
Karma,utility,gold
Karma,utility,gold
Morgana,utility,gold
Lux,utility,gold
Nami,utility,gold
Morgana,utility,gold
Nami,utility,gold
Hecarim,jungle,gold
Hecarim,jungle,gold
Garen,top,gold
Garen,top,gold
Nasus,top,gold
Hecarim,jungle,gold
JarvanIV,jungle,gold
JarvanIV,jungle,gold
JarvanIV,jungle,gold
Lux,utility,gold
Senna,utility,gold
Lux,middle,gold
Syndra,middle,gold
Ahri,middle,gold
Fizz,middle,gold
Akali,middle,gold
LeeSin,jungle,gold
Kaisa,bottom,gold
Tristana,middle,gold
Tristana,middle,gold
Tristana,middle,gold
Kaisa,bottom,gold
Caitlyn,bottom,gold
Kaisa,utility,gold
Kaisa,bottom,gold
Caitlyn,bottom,gold
Caitlyn,bottom,gold
Varus,bottom,gold
Jinx,bottom,gold
Caitlyn,bottom,gold
Jinx,bottom,gold
Nidalee,jungle,gold
Nidalee,jungle,gold
Nidalee,jungle,gold
Nidalee,jungle,gold
Nidalee,jungle,gold
Nidalee,jungle,gold
Nidalee,jungle,gold
Nidalee,jungle,gold
Nidalee,jungle,gold
Nidalee,jungle,gold
Diana,jungle,gold
Diana,jungle,gold
Diana,jungle,gold
Diana,jungle,gold
Diana,jungle,gold
Diana,jungle,gold
Diana,jungle,gold
Diana,jungle,gold
Diana,jungle,gold
Syndra,middle,gold
Syndra,middle,gold
Syndra,middle,gold
Syndra,middle,gold
Syndra,middle,gold
Syndra,middle,gold
Syndra,middle,gold
Syndra,middle,gold
Zyra,utility,gold
Zyra,utility,gold
Zyra,utility,gold
Zyra,utility,gold
Zyra,utility,gold
Zyra,utility,gold
Zyra,utility,gold
Zyra,utility,gold
Heimerdinger,utility,gold
Yasuo,top,gold
Ezreal,bottom,gold
Yone,middle,gold
Aatrox,top,gold
Zed,middle,gold
Zed,middle,gold
Evelynn,jungle,gold
Evelynn,jungle,gold
Olaf,jungle,gold
Evelynn,jungle,gold
Evelynn,jungle,gold
Evelynn,jungle,gold
Evelynn,jungle,gold
Olaf,jungle,gold
Evelynn,jungle,gold
Ziggs,middle,gold
Blitzcrank,utility,gold
Blitzcrank,utility,gold
Thresh,utility,gold
Thresh,utility,gold
Alistar,utility,gold
Urgot,top,gold
Teemo,top,gold
Teemo,top,gold
Garen,top,gold
Volibear,top,gold
Volibear,top,gold
Malphite,top,gold
Volibear,top,gold
Garen,top,gold
Volibear,top,gold
Garen,top,gold
Akali,middle,gold
Seraphine,utility,gold
Viego,jungle,gold
Yasuo,top,gold
Akali,top,gold
DrMundo,top,gold
Aatrox,top,gold
DrMundo,top,gold
Irelia,top,gold
Aatrox,top,gold
Qiyana,middle,gold
Akali,middle,gold
Sylas,middle,gold
Qiyana,middle,gold
Zed,middle,gold
Akali,middle,gold
Qiyana,middle,gold
Nami,utility,gold
Nami,utility,gold
Nami,utility,gold
Nami,utility,gold
Nami,utility,gold
Nami,utility,gold
Nami,utility,gold
Nami,utility,gold
Draven,bottom,gold
Draven,bottom,gold
Ezreal,bottom,gold
Draven,bottom,gold
Ezreal,bottom,gold
Kassadin,middle,gold
TwistedFate,middle,gold
Kled,top,gold
Tryndamere,top,gold
Udyr,jungle,gold
Shaco,jungle,gold
Shaco,jungle,gold
Illaoi,top,gold
Vladimir,top,gold
Illaoi,top,gold
Rammus,top,gold
Illaoi,top,gold
Illaoi,top,gold
Orianna,middle,gold
Rakan,utility,gold
Braum,utility,gold
Graves,jungle,gold
Garen,top,gold
Tryndamere,top,gold
Garen,top,gold
Garen,top,gold
Garen,top,gold
Garen,top,gold
Trundle,jungle,gold
Garen,top,gold
Swain,utility,gold
Galio,utility,gold
Kaisa,bottom,gold
Ezreal,bottom,gold
Ezreal,bottom,gold
Aphelios,bottom,gold
Ezreal,bottom,gold
Aphelios,bottom,gold
Ezreal,bottom,gold
Ezreal,bottom,gold
Kaisa,bottom,gold
Aphelios,bottom,gold
Warwick,jungle,gold
Warwick,jungle,gold
Amumu,jungle,gold
Amumu,jungle,gold
Amumu,jungle,gold
Amumu,jungle,gold
Amumu,jungle,gold
Yone,top,gold
Ezreal,bottom,gold
Azir,middle,gold
Yone,middle,gold
Azir,middle,gold
Kaisa,middle,gold
Twitch,jungle,gold
Briar,jungle,gold
Ekko,jungle,gold
Yasuo,middle,gold
Ekko,jungle,gold
Yasuo,middle,gold
Yasuo,middle,gold
Rammus,jungle,gold
Nocturne,jungle,gold
Rammus,jungle,gold
Akali,middle,gold
Sylas,jungle,gold
Irelia,middle,gold
Irelia,middle,gold
Katarina,middle,gold
Katarina,middle,gold
Katarina,middle,gold
Katarina,middle,gold
Fiora,top,gold
Katarina,middle,gold
Talon,middle,gold
Sivir,bottom,gold
Ashe,bottom,gold
Ashe,bottom,gold
Ashe,bottom,gold
Xayah,bottom,gold
Sivir,bottom,gold
Xayah,bottom,gold
Sivir,bottom,gold
Sivir,bottom,gold
Sivir,bottom,gold
Neeko,middle,gold
MissFortune,middle,gold
Darius,top,gold
Jax,top,gold
Chogath,top,gold
Sett,top,gold
Sett,top,gold
Amumu,utility,gold
Swain,utility,gold
Swain,utility,gold
Morgana,utility,gold
Morgana,utility,gold
Zilean,utility,gold
Maokai,utility,gold
Swain,utility,gold
Rammus,utility,gold
Senna,utility,gold
Camille,top,platinum
Riven,top,platinum
Camille,top,platinum
Irelia,top,platinum
Camille,top,platinum
Riven,top,platinum
Zoe,middle,platinum
Neeko,utility,platinum
Blitzcrank,utility,platinum
Zoe,utility,platinum
Khazix,jungle,platinum
Evelynn,jungle,platinum
Khazix,jungle,platinum
Udyr,jungle,platinum
Khazix,jungle,platinum
Evelynn,jungle,platinum
Khazix,jungle,platinum
Karthus,jungle,platinum
Karthus,jungle,platinum
Thresh,utility,platinum
Thresh,utility,platinum
Blitzcrank,utility,platinum
Garen,top,platinum
Irelia,top,platinum
Swain,top,platinum
Garen,top,platinum
Irelia,top,platinum
Kayle,top,platinum
Irelia,top,platinum
Irelia,top,platinum
Lux,utility,platinum
Lux,utility,platinum
Lulu,utility,platinum
Lux,utility,platinum
Sivir,bottom,platinum
Sivir,bottom,platinum
Quinn,middle,platinum
Quinn,middle,platinum
Quinn,middle,platinum
Quinn,middle,platinum
Quinn,middle,platinum
Quinn,top,platinum
Olaf,top,platinum
Olaf,top,platinum
Olaf,top,platinum
Olaf,top,platinum
Senna,utility,platinum
Xayah,bottom,platinum
Kaisa,bottom,platinum
Ezreal,bottom,platinum
Xayah,bottom,platinum
Pantheon,middle,platinum
Pantheon,middle,platinum
Pantheon,utility,platinum
Pantheon,middle,platinum
Zed,middle,platinum
Zed,middle,platinum
Yasuo,bottom,platinum
Pantheon,middle,platinum
Pantheon,middle,platinum
Twitch,bottom,platinum
Zilean,utility,platinum
Nautilus,utility,platinum
Morgana,utility,platinum
Leona,utility,platinum
Alistar,utility,platinum
Braum,utility,platinum
Zilean,utility,platinum
Nautilus,utility,platinum
Nautilus,utility,platinum
Maokai,utility,platinum
Ahri,middle,platinum
Zed,middle,platinum
Nidalee,jungle,platinum
Aatrox,top,platinum
Sylas,top,platinum
LeeSin,jungle,platinum
Kaisa,bottom,platinum
Camille,top,platinum
Kayle,top,platinum
Kayle,top,platinum
Karma,utility,platinum
Soraka,utility,platinum
Seraphine,utility,platinum
Seraphine,utility,platinum
Lulu,utility,platinum
Seraphine,utility,platinum
Seraphine,utility,platinum
Lux,utility,platinum
Zac,utility,platinum
Zac,utility,platinum
TwistedFate,middle,platinum
TwistedFate,middle,platinum
TwistedFate,middle,platinum
TwistedFate,middle,platinum
Jhin,bottom,platinum
TwistedFate,middle,platinum
TwistedFate,middle,platinum
TwistedFate,middle,platinum
XinZhao,jungle,platinum
Thresh,utility,platinum
Khazix,jungle,platinum
Zac,jungle,platinum
Sylas,jungle,platinum
Sylas,jungle,platinum
Khazix,jungle,platinum
Talon,middle,platinum
Lissandra,middle,platinum
Khazix,jungle,platinum
Ornn,top,platinum
Shen,top,platinum
Nasus,top,platinum
Shen,top,platinum
Shen,top,platinum
Shen,top,platinum
Gragas,top,platinum
Volibear,top,platinum
Darius,top,platinum
DrMundo,top,platinum
Darius,top,platinum
Darius,top,platinum
Leblanc,middle,platinum
Naafiri,middle,platinum
Qiyana,top,platinum
Sylas,middle,platinum
Akali,middle,platinum
Riven,top,platinum
Leblanc,middle,platinum
Ryze,middle,platinum
Ziggs,utility,platinum
Ziggs,utility,platinum
Ziggs,bottom,platinum
Ziggs,utility,platinum
Ziggs,utility,platinum
Katarina,middle,platinum
Gwen,middle,platinum
Vex,utility,platinum
Ziggs,middle,platinum
Teemo,utility,platinum
Akali,middle,platinum
Neeko,middle,platinum
Darius,top,platinum
Gwen,middle,platinum
Neeko,middle,platinum
Varus,bottom,platinum
Draven,bottom,platinum
Veigar,bottom,platinum
Lucian,bottom,platinum
Lucian,bottom,platinum
Lucian,bottom,platinum
MissFortune,bottom,platinum
Vayne,bottom,platinum
Samira,bottom,platinum
Xayah,bottom,platinum
Karma,utility,platinum
Pyke,utility,platinum
Heimerdinger,utility,platinum
Draven,bottom,platinum
Draven,bottom,platinum
Draven,bottom,platinum
Draven,bottom,platinum
Ashe,bottom,platinum
Draven,bottom,platinum
Darius,top,platinum
Garen,top,platinum
Warwick,top,platinum
Leona,utility,platinum
Gnar,top,platinum
Olaf,top,platinum
Yasuo,middle,platinum
Sylas,middle,platinum
Lillia,middle,platinum
Yasuo,middle,platinum
Orianna,middle,platinum
Gangplank,middle,platinum
Orianna,middle,platinum
Orianna,middle,platinum
Gangplank,middle,platinum
Xayah,bottom,platinum
Gangplank,middle,platinum
Caitlyn,bottom,platinum
Ekko,middle,platinum
Caitlyn,bottom,platinum
Darius,top,platinum
Briar,top,platinum
Briar,top,platinum
Samira,bottom,platinum
Darius,top,platinum
Darius,top,platinum
Briar,jungle,platinum
Briar,jungle,platinum
Jhin,bottom,platinum
Gangplank,top,platinum
Neeko,middle,platinum
Orianna,middle,platinum
LeeSin,jungle,platinum
Veigar,middle,platinum
Veigar,middle,platinum
Malphite,top,platinum
Veigar,middle,platinum
Orianna,middle,platinum
Veigar,middle,platinum
Ahri,middle,platinum
Fizz,middle,platinum
Garen,middle,platinum
Garen,middle,platinum
Malzahar,middle,platinum
Garen,middle,platinum
Garen,middle,platinum
Garen,middle,platinum
Garen,middle,platinum
Garen,middle,platinum
Evelynn,jungle,platinum
Evelynn,jungle,platinum
Evelynn,jungle,platinum
Lux,utility,platinum
Sona,utility,platinum
Soraka,utility,platinum
Sona,utility,platinum
Sona,utility,platinum
Lux,utility,platinum
Swain,middle,platinum
Swain,utility,platinum
Swain,middle,platinum
Nasus,top,platinum
Malphite,top,platinum
Yorick,top,platinum
Nasus,top,platinum
Malzahar,top,platinum
DrMundo,top,platinum
Nasus,top,platinum
Pantheon,utility,platinum
Pantheon,utility,platinum
Diana,middle,platinum
Ekko,middle,platinum
Kayle,middle,platinum
Kassadin,middle,platinum
Fizz,middle,platinum
Brand,utility,platinum
Evelynn,jungle,platinum
Nunu,jungle,platinum
Janna,utility,platinum
Janna,utility,platinum
Janna,utility,platinum
Janna,utility,platinum
Senna,utility,platinum
Senna,utility,platinum
TahmKench,utility,platinum
Nautilus,utility,platinum
Nautilus,utility,platinum
Zed,middle,platinum
Yasuo,middle,platinum
Zed,middle,platinum
Zed,middle,platinum
Lissandra,middle,platinum
Zed,top,platinum
Azir,middle,platinum
Zed,middle,platinum
Zed,middle,platinum
Zed,middle,platinum
Akshan,bottom,platinum
Senna,bottom,platinum
Caitlyn,bottom,platinum
Kaisa,bottom,platinum
Kaisa,bottom,platinum
Briar,bottom,platinum
Briar,jungle,platinum
Briar,jungle,platinum
Briar,jungle,platinum
Briar,jungle,platinum
Sylas,middle,platinum
Aatrox,top,platinum
Aatrox,top,platinum
Aatrox,top,platinum
Aatrox,top,platinum
Mordekaiser,top,platinum
Cassiopeia,middle,platinum
Fizz,middle,platinum
Diana,jungle,platinum
Jhin,bottom,platinum
Jhin,bottom,platinum
Volibear,top,platinum
Bard,utility,platinum
Lux,utility,platinum
Pyke,utility,platinum
Alistar,utility,platinum
Karma,utility,platinum
Zac,jungle,platinum
Senna,utility,platinum
Olaf,top,platinum
Jax,top,platinum
Jax,top,platinum
Jax,top,platinum
Yasuo,top,platinum
Kayle,top,platinum
Yone,top,platinum
Yone,top,platinum
Yone,middle,platinum
Yone,top,platinum
Yone,top,platinum
Nilah,bottom,platinum
Senna,utility,platinum
Lux,utility,platinum
Swain,utility,platinum
Kennen,utility,platinum
Velkoz,utility,platinum
Nautilus,utility,platinum
Xerath,utility,platinum
Galio,utility,platinum
Thresh,utility,platinum
Akali,top,platinum
Viktor,middle,platinum
Lucian,middle,platinum
Sylas,middle,platinum
Ekko,jungle,platinum
Khazix,jungle,platinum
Malphite,top,platinum
Irelia,top,platinum
Sylas,jungle,platinum
Khazix,jungle,platinum
Tryndamere,top,platinum
Ekko,jungle,platinum
Rengar,jungle,platinum
Ekko,jungle,platinum
Ekko,jungle,platinum
Rengar,jungle,platinum
Ekko,jungle,platinum
Milio,utility,platinum
Janna,utility,platinum
Thresh,utility,platinum
Milio,utility,platinum
Bard,utility,platinum
JarvanIV,jungle,platinum
JarvanIV,jungle,platinum
Varus,bottom,platinum
JarvanIV,jungle,platinum
Yasuo,middle,platinum
Yasuo,middle,platinum
Yasuo,middle,platinum
Yasuo,middle,platinum
Yasuo,middle,platinum
Yasuo,middle,platinum
Rengar,jungle,platinum
Rengar,jungle,platinum
Rengar,jungle,platinum
Rengar,jungle,platinum
Rengar,jungle,platinum
Rengar,jungle,platinum
Kayn,jungle,platinum
Irelia,top,platinum
Kayn,jungle,platinum
Kayn,jungle,platinum
Kayn,jungle,platinum
Kayn,jungle,platinum
Kayn,jungle,platinum
Kayn,jungle,platinum
Jinx,bottom,platinum
KogMaw,bottom,platinum
Jinx,bottom,platinum
KogMaw,bottom,platinum
Jinx,bottom,platinum
Jinx,bottom,platinum
MissFortune,bottom,platinum
Zeri,bottom,platinum
Zeri,bottom,platinum
Zeri,bottom,platinum
Syndra,middle,platinum
Jayce,middle,platinum
Jayce,middle,platinum
Jayce,middle,platinum
Orianna,middle,platinum
Syndra,middle,platinum
Naafiri,middle,platinum
Syndra,middle,platinum
Ahri,middle,platinum
Ahri,middle,platinum
Senna,utility,platinum
Orianna,middle,platinum
Orianna,middle,platinum
AurelionSol,middle,platinum
Orianna,middle,platinum
Pyke,utility,platinum
Orianna,middle,platinum
Kayle,top,platinum
Nautilus,utility,platinum
Vayne,bottom,platinum
Vayne,bottom,platinum
Zed,middle,platinum
Fizz,middle,platinum
MasterYi,jungle,platinum
Lissandra,middle,platinum
Orianna,middle,platinum
Sylas,middle,platinum
Mordekaiser,top,platinum
Yorick,jungle,platinum
Yorick,top,platinum
Yorick,top,platinum
Riven,top,platinum
Urgot,top,platinum
KSante,top,platinum
Aatrox,top,platinum
Viktor,middle,platinum
Garen,middle,platinum
MissFortune,bottom,platinum
Skarner,jungle,platinum
MissFortune,bottom,platinum
Vayne,bottom,platinum
Vayne,bottom,platinum
Azir,middle,platinum
TwistedFate,middle,platinum
Zac,jungle,platinum
Rakan,utility,platinum
Orianna,middle,platinum
Azir,middle,platinum
Akali,middle,platinum
Azir,middle,platinum
Renekton,middle,platinum
Sylas,middle,platinum
Syndra,middle,platinum
Orianna,middle,platinum
Senna,utility,platinum
Khazix,jungle,platinum
Diana,middle,platinum
Akali,middle,platinum
Zed,middle,platinum
Sylas,middle,platinum
Riven,top,platinum
Riven,top,platinum
Akali,middle,platinum
Viktor,middle,platinum
Leblanc,middle,platinum
Aatrox,top,platinum
Gwen,top,platinum
Gwen,top,platinum
TahmKench,top,platinum
TahmKench,top,platinum
TahmKench,top,platinum
Galio,middle,platinum
Ekko,middle,platinum
Galio,middle,platinum
Vladimir,middle,platinum
Pyke,utility,platinum
Malzahar,middle,platinum
Ornn,top,platinum
Pantheon,top,platinum
Pantheon,middle,platinum
Pantheon,middle,platinum
FiddleSticks,jungle,platinum
FiddleSticks,jungle,platinum
FiddleSticks,jungle,platinum
Lux,middle,platinum
Evelynn,jungle,platinum
Evelynn,jungle,platinum
Evelynn,jungle,platinum
Evelynn,jungle,platinum
Evelynn,jungle,platinum
Evelynn,jungle,platinum
Evelynn,jungle,platinum
TwistedFate,middle,platinum
Caitlyn,bottom,platinum
Gangplank,top,platinum
Rammus,top,platinum
Camille,top,platinum
Camille,top,platinum
Gangplank,top,platinum
Camille,top,platinum
Rammus,top,platinum
Camille,top,platinum
Camille,top,platinum
Vex,middle,platinum
Nautilus,utility,platinum
Swain,bottom,platinum
Varus,bottom,platinum
KSante,top,platinum
Sett,top,platinum
Rumble,top,platinum
Veigar,middle,platinum
Ziggs,middle,platinum
Xerath,middle,platinum
Xerath,utility,platinum
Volibear,top,platinum
Nasus,top,platinum
Fiora,top,platinum
Illaoi,top,platinum
Ornn,top,platinum
Vayne,top,platinum
Nasus,top,platinum
Poppy,utility,platinum
Fiora,top,platinum
Diana,middle,platinum
Evelynn,jungle,platinum
Evelynn,jungle,platinum
Evelynn,jungle,platinum
Evelynn,jungle,platinum
Darius,top,platinum
Garen,top,platinum
Akali,middle,platinum
Diana,jungle,platinum
Sylas,middle,platinum
JarvanIV,jungle,platinum
Kindred,jungle,platinum
Graves,jungle,platinum
Graves,jungle,platinum
JarvanIV,jungle,platinum
Diana,jungle,platinum
Katarina,middle,platinum
Zed,middle,platinum
Leblanc,middle,platinum
Sylas,middle,platinum
Orianna,middle,platinum
Xerath,middle,platinum
Ryze,middle,platinum
Orianna,middle,platinum
Orianna,middle,platinum
Rakan,utility,platinum
Zilean,utility,platinum
KSante,top,platinum
Renekton,top,platinum
Fiora,top,platinum
Jax,top,platinum
Bard,utility,platinum
Bard,utility,platinum
Bard,utility,platinum
Bard,utility,platinum
Bard,utility,platinum
Bard,utility,platinum
Bard,utility,platinum
Bard,utility,platinum
Bard,utility,platinum
Varus,bottom,platinum
DrMundo,top,platinum
Garen,top,platinum
DrMundo,top,platinum
Renekton,top,platinum
Trundle,jungle,platinum
Khazix,jungle,platinum
Graves,jungle,platinum
Blitzcrank,utility,platinum
Lux,utility,platinum
Lux,utility,platinum
Anivia,utility,platinum
Graves,jungle,platinum
Kennen,middle,platinum
Udyr,jungle,platinum
Udyr,jungle,platinum
Udyr,jungle,platinum
Udyr,jungle,platinum
Udyr,jungle,platinum
Udyr,jungle,platinum
Udyr,jungle,platinum
Udyr,jungle,platinum
Kindred,jungle,platinum
Kindred,jungle,platinum
Viego,jungle,platinum
Kindred,jungle,platinum
TahmKench,top,platinum
TahmKench,top,platinum
TahmKench,top,platinum
TahmKench,top,platinum
TahmKench,top,platinum
TahmKench,top,platinum
TahmKench,top,platinum
TahmKench,top,platinum
TahmKench,top,platinum
Thresh,utility,platinum
Yasuo,middle,platinum
Yasuo,middle,platinum
Ahri,middle,platinum
Jax,top,platinum
Yone,middle,platinum
Jhin,bottom,platinum
Vayne,bottom,platinum
Vayne,bottom,platinum
Xayah,bottom,platinum
Vayne,bottom,platinum
Thresh,utility,platinum
Ashe,bottom,platinum
Vayne,bottom,platinum
Ziggs,bottom,platinum
Zyra,utility,platinum
Bard,utility,platinum
Bard,utility,platinum
LeeSin,jungle,platinum
Senna,utility,platinum
Pyke,utility,platinum
Leona,utility,platinum
Nautilus,utility,platinum
Renata,utility,platinum
Poppy,jungle,platinum
Viego,jungle,platinum
Poppy,jungle,platinum
Nocturne,jungle,platinum
Tryndamere,top,platinum
Tryndamere,top,platinum
Irelia,top,platinum
Irelia,top,platinum
Irelia,top,platinum
Irelia,top,platinum
Irelia,top,platinum
Irelia,middle,platinum
Irelia,middle,platinum
Irelia,middle,platinum
Irelia,middle,platinum
Yasuo,middle,platinum
Senna,utility,platinum
Yasuo,middle,platinum
Ezreal,bottom,platinum
Anivia,middle,platinum
Yasuo,middle,platinum
Yasuo,middle,platinum
Anivia,middle,platinum
Sona,utility,platinum
Sona,utility,platinum
Sona,utility,platinum
Maokai,utility,platinum
Maokai,utility,platinum
Akali,middle,platinum
Azir,middle,platinum
Orianna,middle,platinum
Akali,middle,platinum
Blitzcrank,utility,platinum
Syndra,middle,platinum
Orianna,middle,platinum
Orianna,middle,platinum
Akali,middle,platinum
Orianna,middle,platinum
Orianna,middle,platinum
Neeko,middle,platinum
Azir,middle,platinum
Azir,middle,platinum
Soraka,utility,platinum
Soraka,utility,platinum
Soraka,utility,platinum
Soraka,utility,platinum
Soraka,utility,platinum
Soraka,utility,platinum
Soraka,utility,platinum
Soraka,utility,platinum
Jayce,top,emerald
Lillia,jungle,emerald
Ashe,utility,emerald
Sion,middle,emerald
Shen,middle,emerald
Shen,middle,emerald
Syndra,middle,emerald
Seraphine,bottom,emerald
Seraphine,bottom,emerald
Warwick,jungle,emerald
Shyvana,jungle,emerald
Warwick,jungle,emerald
Warwick,jungle,emerald
Warwick,jungle,emerald
MasterYi,jungle,emerald
MasterYi,jungle,emerald
MasterYi,jungle,emerald
Warwick,jungle,emerald
Warwick,jungle,emerald
Camille,top,emerald
Sett,top,emerald
Sett,top,emerald
KSante,top,emerald
Camille,top,emerald
KSante,top,emerald
Sett,top,emerald
DrMundo,top,emerald
KSante,top,emerald
Ezreal,bottom,emerald
Xerath,middle,emerald
AurelionSol,middle,emerald
KSante,top,emerald
KSante,top,emerald
Jinx,bottom,emerald
Alistar,utility,emerald
Alistar,utility,emerald
Alistar,utility,emerald
Alistar,utility,emerald
Alistar,utility,emerald
Alistar,utility,emerald
Alistar,utility,emerald
Alistar,utility,emerald
Alistar,utility,emerald
Fiora,top,emerald
Darius,top,emerald
Darius,top,emerald
Yone,top,emerald
Yone,top,emerald
Yone,middle,emerald
Akali,middle,emerald
Hecarim,jungle,emerald
Diana,middle,emerald
MissFortune,bottom,emerald
Jinx,bottom,emerald
Jinx,bottom,emerald
Jinx,bottom,emerald
XinZhao,jungle,emerald
XinZhao,jungle,emerald
XinZhao,jungle,emerald
Jinx,bottom,emerald
Jinx,bottom,emerald
Ezreal,bottom,emerald
Kayn,jungle,emerald
Evelynn,jungle,emerald
Kayn,jungle,emerald
Sona,utility,emerald
Veigar,jungle,emerald
JarvanIV,jungle,emerald
JarvanIV,jungle,emerald
JarvanIV,jungle,emerald
Pantheon,middle,emerald
MasterYi,jungle,emerald
JarvanIV,jungle,emerald
Graves,jungle,emerald
Graves,jungle,emerald
Taliyah,utility,emerald
Ashe,utility,emerald
Twitch,utility,emerald
Brand,utility,emerald
Xerath,utility,emerald
Xerath,utility,emerald
Xerath,utility,emerald
Xerath,utility,emerald
Xerath,utility,emerald
Xerath,middle,emerald
Xerath,utility,emerald
Xerath,utility,emerald
Twitch,bottom,emerald
Twitch,bottom,emerald
Twitch,bottom,emerald
Graves,jungle,emerald
LeeSin,jungle,emerald
Twitch,middle,emerald
Twitch,middle,emerald
Irelia,top,emerald
Yone,top,emerald
Garen,top,emerald
Kayn,jungle,emerald
Pyke,utility,emerald
Yone,middle,emerald
Lillia,jungle,emerald
Ashe,bottom,emerald
Jhin,bottom,emerald
Sylas,middle,emerald
Caitlyn,bottom,emerald
Jhin,bottom,emerald
MissFortune,bottom,emerald
Ashe,bottom,emerald
MissFortune,bottom,emerald
Ashe,bottom,emerald
Nautilus,utility,emerald
Nunu,jungle,emerald
Nunu,jungle,emerald
Nunu,jungle,emerald
Nunu,jungle,emerald
Nunu,jungle,emerald
Nunu,jungle,emerald
Nunu,jungle,emerald
Nunu,jungle,emerald
Nunu,jungle,emerald
Nunu,jungle,emerald
Zed,middle,emerald
Zed,middle,emerald
Zed,middle,emerald
Pyke,utility,emerald
Zed,middle,emerald
Aatrox,top,emerald
Talon,middle,emerald
Veigar,utility,emerald
Thresh,utility,emerald
Veigar,utility,emerald
Thresh,utility,emerald
Karthus,utility,emerald
Morgana,utility,emerald
Veigar,utility,emerald
Leona,utility,emerald
Leona,utility,emerald
Karma,utility,emerald
Akshan,middle,emerald
Yone,top,emerald
Jax,top,emerald
TahmKench,bottom,emerald
Ashe,bottom,emerald
Pyke,utility,emerald
Pyke,utility,emerald
Ezreal,bottom,emerald
Caitlyn,bottom,emerald
Darius,top,emerald
Darius,top,emerald
DrMundo,top,emerald
Darius,top,emerald
Garen,top,emerald
Darius,top,emerald
Sett,top,emerald
Garen,top,emerald
Darius,top,emerald
Garen,top,emerald
Nautilus,utility,emerald
Nautilus,utility,emerald
Pantheon,middle,emerald
Garen,top,emerald
Vladimir,middle,emerald
Vladimir,middle,emerald
Naafiri,middle,emerald
Sejuani,jungle,emerald
Nunu,jungle,emerald
Teemo,top,emerald
Teemo,top,emerald
Teemo,top,emerald
Teemo,top,emerald
Teemo,top,emerald
Teemo,bottom,emerald
Teemo,top,emerald
Janna,utility,emerald
Janna,utility,emerald
Zac,jungle,emerald
Zac,jungle,emerald
Lulu,utility,emerald
Zac,jungle,emerald
Yorick,top,emerald
Volibear,top,emerald
Illaoi,top,emerald
Illaoi,top,emerald
Illaoi,top,emerald
Illaoi,top,emerald
Illaoi,top,emerald
Illaoi,top,emerald
Illaoi,top,emerald
Illaoi,top,emerald
KSante,middle,emerald
Sylas,middle,emerald
Sylas,middle,emerald
Yone,middle,emerald
Yasuo,middle,emerald
KSante,middle,emerald
KSante,middle,emerald
KSante,top,emerald
Yone,top,emerald
Viktor,middle,emerald
Jayce,middle,emerald
Aatrox,top,emerald
Jayce,top,emerald
Jayce,middle,emerald
Jayce,middle,emerald
Akali,middle,emerald
Jayce,middle,emerald
Jayce,middle,emerald
Jayce,middle,emerald
Viktor,middle,emerald
Tristana,middle,emerald
Yasuo,middle,emerald
Sylas,middle,emerald
Malphite,top,emerald
Sylas,middle,emerald
Viktor,middle,emerald
Orianna,middle,emerald
Leblanc,middle,emerald
Darius,top,emerald
Renekton,top,emerald
Darius,top,emerald
Teemo,top,emerald
Darius,top,emerald
Kennen,top,emerald
Darius,top,emerald
Teemo,top,emerald
Katarina,middle,emerald
Diana,middle,emerald
Draven,bottom,emerald
Lucian,bottom,emerald
Kaisa,bottom,emerald
Ezreal,bottom,emerald
Caitlyn,bottom,emerald
Jayce,top,emerald
Kaisa,bottom,emerald
Tristana,bottom,emerald
Sivir,bottom,emerald
Zeri,bottom,emerald
Syndra,middle,emerald
Yone,middle,emerald
Veigar,middle,emerald
Veigar,middle,emerald
Veigar,middle,emerald
Ziggs,bottom,emerald
Chogath,middle,emerald
Veigar,middle,emerald
Fizz,middle,emerald
Syndra,middle,emerald
Azir,middle,emerald
Ahri,middle,emerald
Kassadin,middle,emerald
Taliyah,jungle,emerald
Leblanc,middle,emerald
Gnar,top,emerald
Camille,top,emerald
Shaco,jungle,emerald
Elise,utility,emerald
Elise,jungle,emerald
Shaco,jungle,emerald
Evelynn,jungle,emerald
Evelynn,jungle,emerald
Lux,utility,emerald
Elise,utility,emerald
Elise,jungle,emerald
Elise,utility,emerald
Aphelios,bottom,emerald
Twitch,bottom,emerald
Twitch,bottom,emerald
Twitch,bottom,emerald
Twitch,bottom,emerald
Evelynn,jungle,emerald
Yone,middle,emerald
Naafiri,middle,emerald
Katarina,middle,emerald
Katarina,middle,emerald
Katarina,middle,emerald
Syndra,middle,emerald
Irelia,middle,emerald
Katarina,middle,emerald
Katarina,middle,emerald
Katarina,middle,emerald
Aatrox,top,emerald
Camille,top,emerald
Jax,top,emerald
Aatrox,top,emerald
Graves,jungle,emerald
Graves,jungle,emerald
Ezreal,bottom,emerald
Ezreal,bottom,emerald
Vayne,bottom,emerald
Caitlyn,bottom,emerald
Zoe,middle,emerald
Xayah,bottom,emerald
Singed,top,emerald
Singed,top,emerald
Sion,top,emerald
Singed,top,emerald
Fiora,top,emerald
Fiora,top,emerald
Aatrox,top,emerald
Aatrox,top,emerald
Fiora,top,emerald
Fiora,top,emerald
Ornn,top,emerald
Fiora,top,emerald
Graves,jungle,emerald
Graves,jungle,emerald
Vi,jungle,emerald
Graves,jungle,emerald
Vi,jungle,emerald
Graves,jungle,emerald
Graves,jungle,emerald
Vi,jungle,emerald
Graves,jungle,emerald
Pantheon,middle,emerald
Syndra,middle,emerald
Orianna,middle,emerald
Sylas,middle,emerald
Syndra,middle,emerald
Orianna,middle,emerald
Malphite,top,emerald
Tryndamere,top,emerald
Jax,top,emerald
Malphite,top,emerald
Tryndamere,top,emerald
Sion,top,emerald
Tryndamere,top,emerald
Jax,top,emerald
Tryndamere,top,emerald
Kalista,bottom,emerald
Draven,bottom,emerald
Draven,bottom,emerald
Draven,bottom,emerald
Kaisa,bottom,emerald
Draven,bottom,emerald
Ezreal,bottom,emerald
Graves,jungle,emerald
Rengar,jungle,emerald
Zed,middle,emerald
Orianna,middle,emerald
Orianna,middle,emerald
Zed,middle,emerald
Zed,middle,emerald
Zyra,utility,emerald
Zyra,utility,emerald
Zyra,utility,emerald
Zyra,utility,emerald
Zyra,utility,emerald
MissFortune,bottom,emerald
MissFortune,bottom,emerald
Janna,utility,emerald
Zilean,utility,emerald
Kaisa,bottom,emerald
Rell,utility,emerald
Rell,utility,emerald
Janna,utility,emerald
Nautilus,utility,emerald
Milio,utility,emerald
Akali,middle,emerald
Neeko,middle,emerald
Jayce,middle,emerald
Tristana,middle,emerald
Ahri,middle,emerald
Akali,middle,emerald
Xayah,bottom,emerald
Lux,middle,emerald
Lux,middle,emerald
TwistedFate,middle,emerald
Vladimir,middle,emerald
Thresh,utility,emerald
Viktor,middle,emerald
Viktor,middle,emerald
Thresh,utility,emerald
Vladimir,middle,emerald
Camille,top,emerald
Vladimir,middle,emerald
Thresh,utility,emerald
Lulu,utility,emerald
Milio,utility,emerald
Thresh,utility,emerald
Thresh,utility,emerald
Thresh,utility,emerald
Lulu,utility,emerald
Rakan,utility,emerald
Jhin,bottom,emerald
Tristana,bottom,emerald
Kindred,jungle,emerald
Lillia,jungle,emerald
Kindred,jungle,emerald
Taliyah,jungle,emerald
Lillia,jungle,emerald
JarvanIV,jungle,emerald
Kindred,jungle,emerald
Karthus,jungle,emerald
LeeSin,jungle,emerald
Graves,jungle,emerald
Jax,top,emerald
Jax,top,emerald
Jax,top,emerald
Garen,top,emerald
Aatrox,top,emerald
Aatrox,top,emerald
Xayah,bottom,emerald
Ashe,bottom,emerald
Shyvana,jungle,emerald
Lux,utility,emerald
TwistedFate,middle,emerald
TwistedFate,middle,emerald
Azir,middle,emerald
Tristana,middle,emerald
Katarina,middle,emerald
Shyvana,jungle,emerald
Aphelios,bottom,emerald
Kaisa,bottom,emerald
Kaisa,bottom,emerald
Kaisa,bottom,emerald
Aphelios,bottom,emerald
Aphelios,bottom,emerald
Kaisa,bottom,emerald
Aphelios,bottom,emerald
Mordekaiser,top,emerald
Malphite,top,emerald
Gangplank,top,emerald
Mordekaiser,top,emerald
Gangplank,top,emerald
Kayle,top,emerald
Lux,utility,emerald
Gangplank,middle,emerald
Gangplank,top,emerald
Gangplank,top,emerald
Garen,top,emerald
Volibear,top,emerald
Olaf,top,emerald
Blitzcrank,utility,emerald
Ezreal,bottom,emerald
Jhin,bottom,emerald
Jhin,bottom,emerald
Ezreal,bottom,emerald
Caitlyn,bottom,emerald
Caitlyn,bottom,emerald
Ezreal,bottom,emerald
Alistar,utility,emerald
Caitlyn,bottom,emerald
Ezreal,bottom,emerald
Twitch,bottom,emerald
Ezreal,bottom,emerald
Nilah,bottom,emerald
Samira,bottom,emerald
Ezreal,bottom,emerald
Thresh,utility,emerald
Morgana,utility,emerald
Samira,bottom,emerald
TwistedFate,middle,emerald
Ahri,middle,emerald
TwistedFate,middle,emerald
Ahri,middle,emerald
Orianna,middle,emerald
Ahri,middle,emerald
Ahri,middle,emerald
Orianna,middle,emerald
Kassadin,middle,emerald
Orianna,middle,emerald
Seraphine,utility,emerald
Karma,utility,emerald
Seraphine,bottom,emerald
Seraphine,bottom,emerald
Lux,bottom,emerald
Lux,bottom,emerald
Seraphine,bottom,emerald
Rakan,utility,emerald
Yasuo,middle,emerald
Yasuo,middle,emerald
Yasuo,middle,emerald
Yasuo,middle,emerald
Yasuo,bottom,emerald
Yasuo,middle,emerald
Jax,middle,emerald
Yasuo,middle,emerald
Yasuo,middle,emerald
Yasuo,middle,emerald
Ekko,middle,emerald
Ekko,middle,emerald
Ekko,middle,emerald
Alistar,utility,emerald
Nautilus,utility,emerald
Rakan,utility,emerald
Pyke,utility,emerald
AurelionSol,middle,emerald
Lissandra,middle,emerald
Leblanc,middle,emerald
Kaisa,middle,emerald
Yone,middle,emerald
Neeko,middle,emerald
Darius,top,emerald
MissFortune,bottom,emerald
Caitlyn,bottom,emerald
Lucian,bottom,emerald
Samira,bottom,emerald
Lucian,bottom,emerald
Vayne,bottom,emerald
Samira,bottom,emerald
Lucian,bottom,emerald
Samira,bottom,emerald
Lucian,bottom,emerald
Lux,utility,emerald
Lux,utility,emerald
Lux,utility,emerald
Lux,utility,emerald
Lux,utility,emerald
Lux,utility,emerald
Lux,utility,emerald
Lux,utility,emerald
Lux,utility,emerald
Lux,utility,emerald
Rengar,jungle,emerald
Rengar,jungle,emerald
Rengar,jungle,emerald
Rengar,jungle,emerald
Rengar,jungle,emerald
Rengar,jungle,emerald
Rengar,jungle,emerald
Rengar,jungle,emerald
Nocturne,jungle,emerald
Ekko,top,emerald
Ekko,middle,emerald
Ekko,middle,emerald
Ekko,middle,emerald
Ekko,middle,emerald
Ekko,middle,emerald
Ekko,middle,emerald
Ekko,middle,emerald
Ekko,middle,emerald
Ekko,top,emerald
Aatrox,invalid,emerald
Aatrox,top,emerald
MasterYi,jungle,emerald
MasterYi,jungle,emerald
MonkeyKing,jungle,emerald
Aatrox,top,emerald
Aatrox,top,emerald
Aatrox,top,emerald
Renekton,top,emerald
Shyvana,jungle,emerald
Nunu,jungle,emerald
Olaf,top,emerald
Shyvana,jungle,emerald
Olaf,top,emerald
Olaf,top,emerald
Ryze,middle,emerald
Ryze,middle,emerald
Morgana,utility,emerald
Ryze,middle,emerald
Zilean,utility,emerald
Milio,utility,emerald
Ryze,middle,emerald
Kaisa,bottom,emerald
Ziggs,bottom,emerald
Illaoi,top,emerald
Sejuani,jungle,emerald
Yorick,top,emerald
Illaoi,top,emerald
Illaoi,top,emerald
Illaoi,top,emerald
Illaoi,top,emerald
Illaoi,top,emerald
Yorick,top,emerald
Zed,middle,emerald
Camille,top,emerald
Diana,jungle,emerald
Briar,jungle,emerald
Briar,jungle,emerald
Briar,jungle,emerald
Briar,jungle,emerald
Zed,middle,emerald
Riven,top,emerald
Briar,jungle,emerald
Senna,utility,emerald
Senna,utility,emerald
Senna,utility,emerald
Kayle,top,emerald
Kayle,middle,emerald
Kayle,top,emerald
Kayle,top,emerald
Kayle,middle,emerald
Kayle,top,emerald
Kayle,top,emerald
Kayle,top,diamond
Kennen,top,diamond
Neeko,middle,diamond
Maokai,jungle,diamond
Akali,middle,diamond
Akali,middle,diamond
JarvanIV,jungle,diamond
JarvanIV,jungle,diamond
JarvanIV,jungle,diamond
RekSai,jungle,diamond
RekSai,jungle,diamond
Graves,jungle,diamond
JarvanIV,jungle,diamond
Graves,jungle,diamond
Briar,jungle,diamond
Briar,jungle,diamond
Jhin,bottom,diamond
Jhin,bottom,diamond
Jhin,bottom,diamond
Jhin,bottom,diamond
Jhin,bottom,diamond
Renata,utility,diamond
Jhin,bottom,diamond
Jinx,bottom,diamond
Thresh,utility,diamond
Jhin,bottom,diamond
Sylas,middle,diamond
Lux,middle,diamond
Lux,middle,diamond
Zyra,utility,diamond
Zyra,utility,diamond
Lulu,utility,diamond
Soraka,utility,diamond
Zyra,utility,diamond
Soraka,utility,diamond
Fizz,middle,diamond
Graves,jungle,diamond
Kayn,jungle,diamond
Kindred,jungle,diamond
Ekko,jungle,diamond
Kayn,jungle,diamond
Fiora,top,diamond
Orianna,middle,diamond
Urgot,top,diamond
Urgot,top,diamond
Ornn,top,diamond
Urgot,top,diamond
Urgot,top,diamond
Urgot,top,diamond
Urgot,top,diamond
Urgot,top,diamond
Urgot,middle,diamond
Zed,middle,diamond
Garen,middle,diamond
Mordekaiser,top,diamond
Lux,middle,diamond
Xayah,bottom,diamond
Ryze,middle,diamond
Neeko,middle,diamond
Tryndamere,top,diamond
Tryndamere,top,diamond
Tryndamere,top,diamond
Tryndamere,top,diamond
Ahri,middle,diamond
Tryndamere,top,diamond
Tryndamere,top,diamond
Tryndamere,top,diamond
Tryndamere,jungle,diamond
Tryndamere,top,diamond
Ziggs,bottom,diamond
Ziggs,bottom,diamond
Ziggs,bottom,diamond
Jinx,bottom,diamond
Ziggs,bottom,diamond
Ziggs,bottom,diamond
Kaisa,bottom,diamond
Ziggs,bottom,diamond
Ziggs,bottom,diamond
Rengar,jungle,diamond
Evelynn,jungle,diamond
Evelynn,jungle,diamond
Khazix,jungle,diamond
Evelynn,jungle,diamond
Aatrox,top,diamond
Renekton,top,diamond
Syndra,middle,diamond
Syndra,middle,diamond
Aatrox,top,diamond
Malphite,top,diamond
Riven,top,diamond
Aatrox,top,diamond
Gwen,top,diamond
Riven,top,diamond
Riven,top,diamond
Gwen,top,diamond
Sylas,middle,diamond
Zed,middle,diamond
Akshan,middle,diamond
Akshan,middle,diamond
Akshan,middle,diamond
Akshan,middle,diamond
Akshan,middle,diamond
Akshan,middle,diamond
Akshan,middle,diamond
Akshan,middle,diamond
Akshan,middle,diamond
Akshan,middle,diamond
Sylas,middle,diamond
Jax,top,diamond
Tryndamere,top,diamond
Jax,top,diamond
Camille,top,diamond
Orianna,middle,diamond
TwistedFate,middle,diamond
Graves,jungle,diamond
Poppy,top,diamond
Ornn,top,diamond
Poppy,top,diamond
Zilean,top,diamond
Sylas,middle,diamond
Taliyah,top,diamond
Ahri,middle,diamond
Cassiopeia,middle,diamond
Orianna,middle,diamond
Zoe,middle,diamond
Varus,bottom,diamond
Ezreal,bottom,diamond
Caitlyn,bottom,diamond
Aphelios,bottom,diamond
Xayah,bottom,diamond
Xayah,bottom,diamond
Xayah,bottom,diamond
Xayah,bottom,diamond
Xayah,bottom,diamond
Xayah,bottom,diamond
Xayah,bottom,diamond
Swain,bottom,diamond
Xayah,bottom,diamond
Xayah,bottom,diamond
Sylas,middle,diamond
Akali,middle,diamond
Jayce,middle,diamond
Sylas,middle,diamond
Yone,middle,diamond
Qiyana,middle,diamond
Akali,middle,diamond
Sylas,middle,diamond
Sylas,middle,diamond
Sylas,middle,diamond
Amumu,utility,diamond
Blitzcrank,utility,diamond
Thresh,utility,diamond
Amumu,utility,diamond
Mordekaiser,top,diamond
Thresh,utility,diamond
Amumu,utility,diamond
Amumu,utility,diamond
Blitzcrank,utility,diamond
Caitlyn,bottom,diamond
Sivir,bottom,diamond
Sivir,bottom,diamond
Hecarim,jungle,diamond
JarvanIV,jungle,diamond
Hecarim,jungle,diamond
Talon,middle,diamond
Talon,middle,diamond
Talon,middle,diamond
Talon,middle,diamond
Talon,middle,diamond
Talon,middle,diamond
Talon,middle,diamond
Talon,middle,diamond
Talon,middle,diamond
Talon,middle,diamond
Diana,jungle,diamond
LeeSin,jungle,diamond
LeeSin,jungle,diamond
Viego,jungle,diamond
Viego,jungle,diamond
Viego,jungle,diamond
Lillia,jungle,diamond
Nidalee,jungle,diamond
Lillia,jungle,diamond
Nidalee,jungle,diamond
LeeSin,jungle,diamond
LeeSin,jungle,diamond
Viktor,middle,diamond
Nidalee,jungle,diamond
Nidalee,jungle,diamond
Lillia,jungle,diamond
Talon,middle,diamond
Ashe,utility,diamond
Talon,middle,diamond
Talon,middle,diamond
Ekko,middle,diamond
Ekko,middle,diamond
Soraka,utility,diamond
Soraka,utility,diamond
Senna,utility,diamond
Soraka,utility,diamond
Soraka,utility,diamond
Soraka,utility,diamond
Soraka,utility,diamond
Soraka,utility,diamond
Soraka,utility,diamond
Soraka,utility,diamond
Xerath,utility,diamond
Akali,top,diamond
Jax,top,diamond
Jax,top,diamond
Pantheon,top,diamond
Yone,middle,diamond
Sion,top,diamond
Sion,top,diamond
Irelia,middle,diamond
Rumble,top,diamond
Sion,top,diamond
Rumble,middle,diamond
Sion,top,diamond
Rumble,top,diamond
Sion,top,diamond
Hecarim,jungle,diamond
Hecarim,jungle,diamond
Garen,top,diamond
Renekton,top,diamond
Garen,top,diamond
Garen,top,diamond
Hecarim,jungle,diamond
Hecarim,jungle,diamond
Renekton,top,diamond
Zyra,utility,diamond
Zyra,utility,diamond
Lux,utility,diamond
Zyra,utility,diamond
Zyra,utility,diamond
Zyra,utility,diamond
Zyra,utility,diamond
Zyra,utility,diamond
Zyra,utility,diamond
Ornn,top,diamond
Yorick,top,diamond
Sivir,bottom,diamond
Sylas,middle,diamond
Sylas,middle,diamond
Zed,middle,diamond
Sylas,middle,diamond
Sylas,middle,diamond
Sylas,middle,diamond
Sylas,middle,diamond
Sylas,middle,diamond
Yone,middle,diamond
Sylas,middle,diamond
Brand,top,diamond
Sett,top,diamond
Sion,top,diamond
Sett,top,diamond
Vladimir,middle,diamond
Sett,middle,diamond
Pantheon,top,diamond
Sejuani,top,diamond
Kled,top,diamond
Sett,top,diamond
Bard,utility,diamond
Thresh,utility,diamond
Jinx,bottom,diamond
Pyke,utility,diamond
Aphelios,bottom,diamond
Lux,middle,diamond
Thresh,utility,diamond
Pyke,utility,diamond
Braum,utility,diamond
Nami,utility,diamond
Blitzcrank,utility,diamond
Braum,utility,diamond
Braum,utility,diamond
Pyke,utility,diamond
Velkoz,utility,diamond
Pyke,utility,diamond
Pyke,utility,diamond
Pyke,utility,diamond
Nautilus,utility,diamond
Velkoz,utility,diamond
Nautilus,utility,diamond
Pyke,utility,diamond
Pyke,utility,diamond
Twitch,bottom,diamond
Swain,middle,diamond
Karthus,bottom,diamond
Aphelios,bottom,diamond
Aphelios,bottom,diamond
Lucian,bottom,diamond
Ezreal,bottom,diamond
Ezreal,bottom,diamond
Ezreal,bottom,diamond
Aphelios,bottom,diamond
Pyke,utility,diamond
Varus,bottom,diamond
Poppy,top,diamond
Gnar,top,diamond
Ornn,top,diamond
Poppy,top,diamond
Poppy,middle,diamond
Poppy,top,diamond
Poppy,top,diamond
Poppy,top,diamond
Poppy,top,diamond
Poppy,top,diamond
Caitlyn,bottom,diamond
Jinx,bottom,diamond
Caitlyn,bottom,diamond
Zeri,bottom,diamond
Caitlyn,bottom,diamond
Shaco,jungle,diamond
Shaco,jungle,diamond
Shaco,jungle,diamond
Shaco,jungle,diamond
Shaco,jungle,diamond
Lucian,bottom,diamond
Lucian,bottom,diamond
Lucian,bottom,diamond
Kaisa,bottom,diamond
Lucian,bottom,diamond
Lucian,bottom,diamond
Lucian,bottom,diamond
Lucian,bottom,diamond
Lucian,bottom,diamond
Lucian,bottom,diamond
Yasuo,bottom,diamond
Draven,bottom,diamond
Vayne,bottom,diamond
Nami,utility,diamond
Seraphine,bottom,diamond
Samira,bottom,diamond
Nami,utility,diamond
Yone,middle,diamond
Sylas,middle,diamond
Akali,top,diamond
LeeSin,top,diamond
Jax,top,diamond
Olaf,top,diamond
Udyr,top,diamond
Camille,top,diamond
Fiora,top,diamond
Malphite,top,diamond
Jax,top,diamond
Olaf,top,diamond
Irelia,middle,diamond
Maokai,jungle,diamond
Maokai,jungle,diamond
Graves,jungle,diamond
Graves,jungle,diamond
Morgana,jungle,diamond
Graves,jungle,diamond
Lillia,jungle,diamond
Viego,jungle,diamond
Ivern,jungle,diamond
Graves,jungle,diamond
Aatrox,top,diamond
Akali,top,diamond
Hecarim,jungle,diamond
Ekko,jungle,diamond
Kaisa,bottom,diamond
Pantheon,top,diamond
Pantheon,top,diamond
Pantheon,top,diamond
Pantheon,top,diamond
Pantheon,top,diamond
Briar,jungle,diamond
Syndra,middle,diamond
Briar,jungle,diamond
Briar,jungle,diamond
Briar,jungle,diamond
Briar,jungle,diamond
Evelynn,jungle,diamond
Briar,jungle,diamond
Briar,jungle,diamond
Evelynn,jungle,diamond
RekSai,jungle,diamond
RekSai,jungle,diamond
RekSai,jungle,diamond
Sona,utility,diamond
Sona,utility,diamond
Senna,utility,diamond
Sona,utility,diamond
Soraka,utility,diamond
Sona,utility,diamond
Sona,utility,diamond
Janna,utility,diamond
Evelynn,jungle,diamond
Kayn,middle,diamond
Kayn,jungle,diamond
Kayn,jungle,diamond
Kayn,jungle,diamond
Kayn,jungle,diamond
Kayn,jungle,diamond
Kayn,jungle,diamond
Kayn,jungle,diamond
Kayn,jungle,diamond
Jinx,bottom,diamond
Caitlyn,bottom,diamond
Caitlyn,bottom,diamond
Caitlyn,bottom,diamond
Caitlyn,bottom,diamond
Caitlyn,bottom,diamond
Caitlyn,bottom,diamond
Caitlyn,bottom,diamond
Talon,middle,diamond
Talon,middle,diamond
Singed,top,diamond
Talon,middle,diamond
Talon,middle,diamond
Talon,middle,diamond
Singed,top,diamond
Talon,middle,diamond
Singed,top,diamond
Singed,top,diamond
Kaisa,bottom,diamond
Kaisa,bottom,diamond
Tristana,bottom,diamond
Jayce,top,diamond
Jayce,top,diamond
Twitch,bottom,diamond
Yone,top,diamond
Kaisa,bottom,diamond
Kaisa,bottom,diamond
Garen,top,diamond
Maokai,jungle,diamond
Taliyah,jungle,diamond
Maokai,jungle,diamond
JarvanIV,jungle,diamond
Sejuani,jungle,diamond
Caitlyn,bottom,diamond
Xayah,bottom,diamond
Caitlyn,bottom,diamond
Aatrox,top,diamond
Caitlyn,bottom,diamond
Caitlyn,bottom,diamond
Aatrox,top,diamond
Kaisa,bottom,diamond
Aatrox,top,diamond
Rengar,jungle,diamond
Rengar,jungle,diamond
Rengar,jungle,diamond
Neeko,top,diamond
Neeko,top,diamond
Neeko,top,diamond
Neeko,top,diamond
Neeko,top,diamond
Neeko,top,diamond
Neeko,top,diamond
Neeko,top,diamond
Neeko,top,diamond
Neeko,top,diamond
Jax,top,diamond
Jax,top,diamond
Fizz,middle,diamond
Fizz,middle,diamond
KSante,top,diamond
Tryndamere,top,diamond
Jax,top,diamond
Jax,top,diamond
Jax,top,diamond
Jax,top,diamond
Riven,top,diamond
Ezreal,bottom,diamond
Yone,middle,diamond
Zed,middle,diamond
Hecarim,jungle,diamond
Viego,jungle,diamond
Graves,jungle,diamond
Rengar,jungle,diamond
Graves,jungle,diamond
Rengar,jungle,diamond
Akshan,middle,diamond
Akshan,middle,diamond
Akshan,middle,diamond
Akshan,middle,diamond
Akshan,middle,diamond
Yasuo,middle,diamond
Ekko,middle,diamond
Yasuo,middle,diamond
KSante,top,diamond
Yasuo,top,diamond
Poppy,top,diamond
Khazix,jungle,diamond
Khazix,jungle,diamond
Yone,middle,diamond
KSante,middle,diamond
KSante,middle,diamond
KSante,middle,diamond
Yone,middle,diamond
TwistedFate,middle,diamond
Sylas,middle,diamond
