win,kills,deaths,dmgObj,dmgTurr,vision_score,totalDmg,totalDmgTaken,totalMinions,gold,position,time,0,rank
False,7,7,16964,6204,23,161007,35471,186,13932,TOP,33.166666666666664,,silver
False,3,12,6679,4143,24,148526,41672,200,11711,TOP,35.583333333333336,,silver
True,6,10,44117,14987,21,241865,42148,215,16475,TOP,35.833333333333336,,silver
False,3,6,21470,6363,20,216955,29227,215,14230,TOP,34.483333333333334,,silver
True,0,4,13421,12139,10,158299,18404,195,10642,TOP,27.883333333333333,,silver
False,5,6,9343,6748,18,114353,20994,143,9420,TOP,26.883333333333333,,silver
True,5,4,17546,11034,18,224909,23656,261,15645,TOP,31.083333333333332,,silver
True,2,1,5400,4036,6,55660,7680,113,6509,TOP,15.5,,silver
False,2,7,11442,6029,18,135523,27250,181,11051,TOP,27.6,,silver
False,4,7,21573,11375,29,190493,32984,191,13982,TOP,37.53333333333333,,silver
,,,,,,,,,,,,,silver
,,,,,,,,,,,,,silver
,,,,,,,,,,,,,silver
,,,,,,,,,,,,,silver
,,,,,,,,,,,,,silver
,,,,,,,,,,,,,silver
,,,,,,,,,,,,,silver
,,,,,,,,,,,,,silver
,,,,,,,,,,,,,silver
,,,,,,,,,,,,,silver
,,,,,,,,,,,,,silver
,,,,,,,,,,,,,silver
,,,,,,,,,,,,,silver
False,2,13,7149,1828,11,92421,28982,130,8440,MIDDLE,28.1,,silver
True,8,2,7357,3841,17,156500,13927,178,11165,MIDDLE,21.966666666666665,,silver
True,4,6,24360,216,21,185282,28996,37,10399,JUNGLE,28.166666666666668,,silver
False,6,8,7237,2958,23,155210,21006,186,13108,MIDDLE,31.95,,silver
False,0,0,0,0,0,0,0,0,500,MIDDLE,1.75,,silver
True,12,0,13004,6861,18,195198,14344,165,13006,MIDDLE,23.15,,silver
True,15,14,36737,1089,14,308437,63418,59,19658,JUNGLE,45.016666666666666,,silver
,,,,,,,,,,,,,silver
,,,,,,,,,,,,,silver
,,,,,,,,,,,,,silver
False,5,7,16295,1324,10,151640,23807,48,11695,JUNGLE,29.55,,silver
True,12,5,13082,789,16,178720,25400,42,15178,JUNGLE,31.916666666666668,,silver
False,8,6,32899,364,19,246740,40995,26,14482,JUNGLE,39.166666666666664,,silver
False,0,3,131,0,18,6702,6561,7,4443,UTILITY,23.05,,silver
False,2,10,322,322,29,37388,14681,40,5555,UTILITY,22.983333333333334,,silver
False,3,7,19254,0,11,147908,26058,12,9678,JUNGLE,28.4,,silver
False,7,10,12318,438,10,135674,28704,25,11756,JUNGLE,29.116666666666667,,silver
,,,,,,,,,,,,,silver
,,,,,,,,,,,,,silver
,,,,,,,,,,,,,silver
True,6,1,23937,7167,28,107068,11127,155,10721,BOTTOM,26.1,,silver
False,1,6,293,293,12,41314,10347,95,5091,BOTTOM,17.8,,silver
,,,,,,,,,,,,,silver
,,,,,,,,,,,,,silver
,,,,,,,,,,,,,silver
,,,,,,,,,,,,,silver
,,,,,,,,,,,,,silver
True,16,6,4660,3955,6,202693,19632,212,15987,MIDDLE,27.866666666666667,,silver
True,15,5,18795,7265,9,227330,19717,192,15981,MIDDLE,29.133333333333333,,silver
True,17,6,25274,3878,17,333831,31322,246,20309,MIDDLE,36.55,,silver
True,15,2,20315,9606,12,233622,19402,207,15211,MIDDLE,26.666666666666668,,silver
False,4,5,715,0,10,113900,20462,157,8349,MIDDLE,22.316666666666666,,silver
True,15,8,26875,5972,28,331196,33408,235,21671,MIDDLE,44.93333333333333,,silver
False,4,10,14723,5885,21,262897,33606,226,13973,BOTTOM,35.166666666666664,,silver
False,8,7,11251,2197,23,239808,51410,258,16136,TOP,39.56666666666667,,silver
True,6,12,25251,660,28,438526,39939,87,19290,JUNGLE,44.15,,silver
True,8,10,13196,764,17,173495,30825,197,13666,BOTTOM,30.916666666666668,,silver
,,,,,,,,,,,,,silver
,,,,,,,,,,,,,silver
,,,,,,,,,,,,,silver
False,2,8,681,681,14,81045,22086,122,7613,TOP,24.633333333333333,,silver
True,6,11,4134,4134,17,121438,37131,107,10062,TOP,29.033333333333335,,silver
True,1,2,441,441,7,46581,7973,106,4945,TOP,16.233333333333334,,silver
False,3,11,7039,7039,18,257765,39545,242,14638,TOP,36.333333333333336,,silver
True,12,14,9994,183,67,125876,41804,55,14989,UTILITY,41.55,,silver
True,0,0,0,0,0,625,222,2,576,TOP,2.1,,silver
True,12,3,20954,3856,20,221286,47922,209,16578,TOP,34.35,,silver
False,4,7,17494,0,28,124905,27015,36,9991,JUNGLE,30.433333333333334,,silver
True,6,3,40646,2859,29,174004,21279,15,11338,JUNGLE,22.933333333333334,,silver
,,,,,,,,,,,,,silver
,,,,,,,,,,,,,silver
,,,,,,,,,,,,,silver
,,,,,,,,,,,,,silver
,,,,,,,,,,,,,silver
,,,,,,,,,,,,,silver
,,,,,,,,,,,,,silver
,,,,,,,,,,,,,silver
,,,,,,,,,,,,,silver
,,,,,,,,,,,,,silver
True,16,14,17916,9627,17,210942,42373,188,18025,BOTTOM,38.81666666666667,,silver
False,6,7,3664,3135,15,120154,34384,140,9691,TOP,27.233333333333334,,silver
,,,,,,,,,,,,,silver
,,,,,,,,,,,,,silver
False,7,9,9173,5446,19,129366,23413,164,12082,BOTTOM,30.266666666666666,,silver
,,,,,,,,,,,,,silver
False,5,6,15922,0,15,128438,21217,27,8338,JUNGLE,23.233333333333334,,silver
,,,,,,,,,,,,,silver
,,,,,,,,,,,,,silver
,,,,,,,,,,,,,silver
,,,,,,,,,,,,,silver
,,,,,,,,,,,,,silver
,,,,,,,,,,,,,silver
,,,,,,,,,,,,,silver
,,,,,,,,,,,,,silver
,,,,,,,,,,,,,silver
,,,,,,,,,,,,,silver
,,,,,,,,,,,,,silver
,,,,,,,,,,,,,silver
,,,,,,,,,,,,,silver
,,,,,,,,,,,,,silver
,,,,,,,,,,,,,silver
,,,,,,,,,,,,,silver
False,2,3,5314,2551,18,100053,10739,168,8817,MIDDLE,24.05,,silver
False,8,4,968,405,25,160015,14721,232,14202,MIDDLE,29.783333333333335,,silver
False,7,5,20520,971,31,159556,21415,209,13527,MIDDLE,35.56666666666667,,silver
False,3,9,13367,1839,23,119879,22826,192,12241,MIDDLE,30.783333333333335,,silver
True,5,0,8784,3048,16,137952,7957,220,11095,MIDDLE,27.0,,silver
False,4,5,1437,0,22,118047,17170,179,10687,BOTTOM,29.333333333333332,,silver
True,3,3,10053,3856,36,140930,18630,187,12327,BOTTOM,34.86666666666667,,silver
False,1,2,0,0,5,58526,6034,123,4988,MIDDLE,15.9,,silver
False,0,3,0,0,15,47455,5878,113,4510,MIDDLE,15.3,,silver
True,5,2,15927,3528,22,119412,7137,168,11168,MIDDLE,26.033333333333335,,silver
True,16,3,41006,1732,15,218024,31942,41,16266,JUNGLE,29.383333333333333,,silver
True,3,4,14313,10113,18,201044,16128,259,13023,TOP,28.1,,silver
,,,,,,,,,,,,,silver
,,,,,,,,,,,,,silver
,,,,,,,,,,,,,silver
,,,,,,,,,,,,,silver
,,,,,,,,,,,,,silver
,,,,,,,,,,,,,silver
,,,,,,,,,,,,,silver
,,,,,,,,,,,,,silver
True,4,4,44519,1040,8,255570,31304,23,11403,JUNGLE,27.133333333333333,,silver
True,1,8,1531,1002,82,43768,36584,24,11987,UTILITY,47.15,,silver
True,7,7,16032,5350,24,187078,24449,207,15801,BOTTOM,34.25,,silver
True,4,9,2812,0,43,53293,33375,44,10175,UTILITY,35.96666666666667,,silver
True,16,3,6902,2639,36,109807,14330,75,14015,UTILITY,28.166666666666668,,silver
False,1,8,862,862,13,85218,14967,157,7905,BOTTOM,25.65,,silver
False,4,14,716,716,32,54626,25643,39,8884,UTILITY,28.766666666666666,,silver
False,4,12,6415,534,60,98573,38722,39,13320,UTILITY,47.45,,silver
True,2,8,3048,837,32,29082,21753,37,9510,UTILITY,28.7,,silver
False,10,7,11731,3254,9,196636,36249,226,14072,TOP,32.56666666666667,,silver
False,0,0,0,0,0,0,0,0,563,Invalid,2.3333333333333335,,silver
False,4,14,2769,2769,15,277027,55660,240,15977,TOP,39.43333333333333,,silver
True,6,1,13787,8849,22,148894,13168,169,11369,TOP,26.966666666666665,,silver
False,7,10,17800,1669,17,183983,33483,196,13118,TOP,33.983333333333334,,silver
True,5,4,10371,3304,17,133369,20756,149,10713,TOP,26.05,,silver
False,6,7,22870,10841,16,305747,36615,292,16062,TOP,38.35,,silver
False,1,4,1401,1401,11,85886,19974,141,8107,TOP,26.666666666666668,,silver
True,12,3,21988,6137,12,162621,26472,138,14183,TOP,28.05,,silver
True,4,0,10915,5704,17,98852,12982,154,9250,MIDDLE,23.15,,silver
True,12,5,18773,5441,18,209851,36779,209,16360,TOP,37.1,,silver
False,5,8,14031,3034,12,172332,20768,200,11647,BOTTOM,34.016666666666666,,silver
True,2,1,1854,1416,12,54619,4731,130,6296,BOTTOM,15.7,,silver
,,,,,,,,,,,,,silver
False,1,2,62,62,3,37436,7650,94,4568,BOTTOM,15.5,,silver
False,0,2,963,508,8,69754,8641,154,6577,BOTTOM,20.416666666666668,,silver
True,3,4,4474,2416,17,199036,25841,212,12361,MIDDLE,29.95,,silver
,,,,,,,,,,,,,silver
,,,,,,,,,,,,,silver
,,,,,,,,,,,,,silver
,,,,,,,,,,,,,silver
,,,,,,,,,,,,,silver
False,2,6,451,298,42,19153,17645,30,7368,UTILITY,26.583333333333332,,silver
,,,,,,,,,,,,,silver
,,,,,,,,,,,,,silver
,,,,,,,,,,,,,silver
,,,,,,,,,,,,,silver
,,,,,,,,,,,,,silver
,,,,,,,,,,,,,silver
,,,,,,,,,,,,,silver
,,,,,,,,,,,,,silver
,,,,,,,,,,,,,silver
,,,,,,,,,,,,,silver
,,,,,,,,,,,,,silver
,,,,,,,,,,,,,silver
,,,,,,,,,,,,,silver
,,,,,,,,,,,,,silver
,,,,,,,,,,,,,silver
,,,,,,,,,,,,,silver
,,,,,,,,,,,,,silver
,,,,,,,,,,,,,silver
,,,,,,,,,,,,,silver
,,,,,,,,,,,,,silver
,,,,,,,,,,,,,silver
,,,,,,,,,,,,,silver
,,,,,,,,,,,,,silver
,,,,,,,,,,,,,silver
,,,,,,,,,,,,,silver
,,,,,,,,,,,,,silver
,,,,,,,,,,,,,silver
,,,,,,,,,,,,,silver
False,4,4,1501,1501,11,80537,16567,131,7631,TOP,19.533333333333335,,silver
False,3,7,6000,5887,16,116600,17797,170,10868,TOP,32.03333333333333,,silver
,,,,,,,,,,,,,silver
,,,,,,,,,,,,,silver
,,,,,,,,,,,,,silver
,,,,,,,,,,,,,silver
,,,,,,,,,,,,,silver
False,2,6,0,0,7,72994,23279,122,6272,TOP,19.683333333333334,,silver
False,4,8,581,0,16,124650,26956,168,10817,TOP,32.11666666666667,,silver
True,5,9,5140,893,59,86598,36988,74,11200,UTILITY,37.28333333333333,,silver
,,,,,,,,,,,,,silver
,,,,,,,,,,,,,silver
,,,,,,,,,,,,,silver
,,,,,,,,,,,,,silver
,,,,,,,,,,,,,silver
,,,,,,,,,,,,,silver
,,,,,,,,,,,,,silver
,,,,,,,,,,,,,silver
,,,,,,,,,,,,,silver
,,,,,,,,,,,,,silver
,,,,,,,,,,,,,silver
,,,,,,,,,,,,,silver
,,,,,,,,,,,,,silver
,,,,,,,,,,,,,silver
,,,,,,,,,,,,,silver
,,,,,,,,,,,,,silver
,,,,,,,,,,,,,silver
,,,,,,,,,,,,,silver
,,,,,,,,,,,,,silver
,,,,,,,,,,,,,silver
,,,,,,,,,,,,,silver
,,,,,,,,,,,,,silver
,,,,,,,,,,,,,silver
,,,,,,,,,,,,,silver
,,,,,,,,,,,,,silver
,,,,,,,,,,,,,silver
True,11,5,15778,4237,27,148575,24614,185,14770,MIDDLE,34.55,,silver
,,,,,,,,,,,,,silver
,,,,,,,,,,,,,silver
True,9,8,3472,1805,19,177469,47314,168,14880,TOP,37.36666666666667,,silver
True,4,2,5350,3005,18,132593,36994,178,12111,TOP,34.18333333333333,,silver
True,8,5,6453,2521,10,148974,43513,133,14698,TOP,37.36666666666667,,silver
True,7,5,6069,2092,16,147142,28897,168,12374,TOP,32.0,,silver
False,4,9,3309,3309,9,78390,26585,134,8781,TOP,22.833333333333332,,silver
False,2,3,1522,1522,14,140931,32667,184,9817,TOP,29.683333333333334,,silver
True,1,2,12958,8654,16,100336,13158,133,8801,TOP,24.966666666666665,,silver
False,4,5,1641,1087,12,117299,36900,137,11688,TOP,36.483333333333334,,silver
True,18,5,23612,3065,24,183084,63619,171,19454,TOP,44.733333333333334,,silver
False,5,2,459,459,9,60214,13739,98,6288,TOP,19.25,,silver
,,,,,,,,,,,,,silver
,,,,,,,,,,,,,silver
,,,,,,,,,,,,,silver
,,,,,,,,,,,,,silver
,,,,,,,,,,,,,silver
,,,,,,,,,,,,,silver
,,,,,,,,,,,,,silver
,,,,,,,,,,,,,silver
,,,,,,,,,,,,,silver
,,,,,,,,,,,,,silver
False,9,7,19207,8618,26,273328,47304,257,18773,TOP,39.483333333333334,,silver
True,4,10,3169,2777,23,150044,78634,152,12874,TOP,41.78333333333333,,silver
False,3,1,95,95,11,58053,8811,118,6233,TOP,16.383333333333333,,silver
True,16,6,5789,5632,21,266188,41189,239,20669,TOP,37.61666666666667,,silver
True,7,5,13789,12384,19,206352,40530,221,15401,TOP,34.2,,silver
True,4,1,18789,1924,12,99051,14236,140,8681,TOP,20.516666666666666,,silver
True,9,7,10361,6472,17,261714,43563,286,18061,TOP,38.06666666666667,,silver
False,10,12,10190,2327,31,281227,80272,266,17586,TOP,45.03333333333333,,silver
False,0,2,2241,2241,9,48646,20840,117,6654,TOP,23.85,,silver
True,5,0,32475,8961,16,196263,20426,213,13491,TOP,27.383333333333333,,silver
,,,,,,,,,,,,,silver
False,1,6,4152,4152,5,102630,18137,131,7699,MIDDLE,24.133333333333333,,silver
True,10,3,9085,4406,21,166405,17130,166,13192,MIDDLE,24.066666666666666,,silver
True,7,7,24525,13672,28,308562,26743,273,18308,MIDDLE,36.96666666666667,,silver
,,,,,,,,,,,,,silver
,,,,,,,,,,,,,silver
True,2,6,8524,6313,22,215020,16661,234,11871,MIDDLE,31.116666666666667,,silver
,,,,,,,,,,,,,silver
,,,,,,,,,,,,,silver
,,,,,,,,,,,,,silver
,,,,,,,,,,,,,silver
,,,,,,,,,,,,,silver
True,4,0,5831,3194,12,67620,6135,120,7379,MIDDLE,18.466666666666665,,silver
False,1,5,4622,1328,20,115490,18337,179,9605,MIDDLE,32.06666666666667,,silver
,,,,,,,,,,,,,silver
,,,,,,,,,,,,,silver
False,9,4,7860,1666,31,166909,26660,191,14230,MIDDLE,36.3,,silver
True,5,3,11004,1414,29,169159,17157,226,12886,MIDDLE,34.65,,silver
True,7,8,10231,4504,31,171090,28670,215,14205,MIDDLE,38.61666666666667,,silver
False,0,2,1097,1097,8,64709,8927,132,5472,TOP,17.666666666666668,,silver
,,,,,,,,,,,,,silver
,,,,,,,,,,,,,silver
,,,,,,,,,,,,,silver
False,0,9,5552,606,53,29854,27956,20,9378,UTILITY,37.3,,silver
,,,,,,,,,,,,,silver
,,,,,,,,,,,,,silver
,,,,,,,,,,,,,silver
,,,,,,,,,,,,,silver
,,,,,,,,,,,,,silver
,,,,,,,,,,,,,silver
True,11,4,8823,1581,4,110149,20508,171,12616,MIDDLE,26.95,,silver
True,22,3,12587,2933,11,182147,26511,188,18790,MIDDLE,34.18333333333333,,silver
True,17,3,4715,0,12,122875,19562,163,14851,MIDDLE,30.033333333333335,,silver
True,13,7,7670,2746,8,113186,29345,142,14527,MIDDLE,34.166666666666664,,silver
False,7,8,6886,5141,7,113562,43363,160,12151,TOP,30.416666666666668,,silver
False,7,4,2753,1201,5,87323,15545,132,9502,MIDDLE,25.416666666666668,,silver
True,12,7,3355,2423,7,87308,23845,126,12634,MIDDLE,28.15,,silver
True,12,2,5777,4635,6,97038,15436,161,12387,MIDDLE,23.05,,silver
False,2,5,3919,536,13,206883,28048,250,13343,MIDDLE,36.55,,silver
False,13,7,16654,509,17,172013,33674,157,15195,MIDDLE,39.11666666666667,,silver
,,,,,,,,,,,,,silver
,,,,,,,,,,,,,silver
,,,,,,,,,,,,,silver
,,,,,,,,,,,,,silver
,,,,,,,,,,,,,silver
,,,,,,,,,,,,,silver
,,,,,,,,,,,,,silver
,,,,,,,,,,,,,silver
,,,,,,,,,,,,,silver
,,,,,,,,,,,,,silver
,,,,,,,,,,,,,silver
,,,,,,,,,,,,,silver
,,,,,,,,,,,,,silver
,,,,,,,,,,,,,silver
,,,,,,,,,,,,,silver
False,7,4,10445,7342,20,397350,44106,392,19406,TOP,39.2,,silver
False,6,8,10940,5946,11,192274,45273,200,12873,TOP,30.566666666666666,,silver
False,4,7,9208,5839,5,186752,25530,214,11830,TOP,30.033333333333335,,silver
False,3,8,3657,3657,8,140135,29434,187,10177,TOP,27.85,,silver
False,1,2,575,575,7,63930,8590,103,5427,TOP,16.533333333333335,,silver
True,8,8,6031,6031,10,310685,65585,291,17504,TOP,38.75,,silver
True,9,4,16036,9221,15,221012,40301,231,14501,TOP,31.35,,silver
,,,,,,,,,,,,,silver
,,,,,,,,,,,,,silver
,,,,,,,,,,,,,silver
True,1,2,19358,8516,17,167757,14418,208,11211,BOTTOM,28.066666666666666,,silver
True,5,9,31577,7772,18,206183,20207,183,13384,BOTTOM,30.133333333333333,,silver
False,2,3,706,706,9,34508,7018,89,4829,BOTTOM,15.383333333333333,,silver
True,10,3,30994,4784,15,196324,23435,180,14519,BOTTOM,33.43333333333333,,silver
False,0,10,0,0,12,23982,14469,40,4773,UTILITY,24.65,,silver
True,1,5,4660,1365,88,35063,24095,37,10546,UTILITY,34.6,,silver
False,20,9,20022,3409,21,423537,49913,325,23166,BOTTOM,45.233333333333334,,silver
True,9,6,14871,3713,11,183792,23374,184,15346,BOTTOM,31.766666666666666,,silver
False,7,9,2949,2263,11,93951,19166,130,10550,BOTTOM,24.383333333333333,,silver
True,26,11,28592,2339,12,263955,30316,197,20063,BOTTOM,37.11666666666667,,silver
False,2,5,6054,0,22,82186,19323,18,6210,JUNGLE,20.566666666666666,,silver
True,9,1,9039,985,43,208063,28904,242,14536,MIDDLE,32.15,,silver
True,6,3,11539,3558,24,116567,16451,157,10562,MIDDLE,24.9,,silver
,,,,,,,,,,,,,silver
False,7,8,23396,422,29,195909,37337,63,13161,JUNGLE,33.4,,silver
False,6,5,0,0,22,97158,24032,139,9492,MIDDLE,26.716666666666665,,silver
True,12,8,25481,4648,33,170035,21060,167,15021,BOTTOM,34.1,,silver
False,6,8,8605,344,48,334651,45934,303,17064,MIDDLE,43.06666666666667,,silver
False,4,7,8211,2610,34,126736,36967,153,11410,MIDDLE,32.53333333333333,,silver
True,2,0,0,0,1,10342,1008,29,2140,MIDDLE,4.733333333333333,,silver
,,,,,,,,,,,,,silver
,,,,,,,,,,,,,silver
,,,,,,,,,,,,,silver
,,,,,,,,,,,,,silver
,,,,,,,,,,,,,silver
,,,,,,,,,,,,,silver
,,,,,,,,,,,,,silver
,,,,,,,,,,,,,silver
,,,,,,,,,,,,,silver
,,,,,,,,,,,,,silver
,,,,,,,,,,,,,silver
,,,,,,,,,,,,,silver
,,,,,,,,,,,,,silver
,,,,,,,,,,,,,silver
,,,,,,,,,,,,,silver
,,,,,,,,,,,,,silver
,,,,,,,,,,,,,silver
,,,,,,,,,,,,,silver
,,,,,,,,,,,,,silver
True,9,9,44915,371,16,259245,40295,18,14903,JUNGLE,38.5,,silver
,,,,,,,,,,,,,silver
,,,,,,,,,,,,,silver
,,,,,,,,,,,,,silver
False,2,7,1298,1298,16,159588,25549,210,10157,MIDDLE,28.85,,silver
True,7,7,30454,5094,23,207569,42744,21,12885,JUNGLE,33.2,,silver
,,,,,,,,,,,,,silver
,,,,,,,,,,,,,silver
False,4,9,5621,0,19,130949,27921,12,9287,JUNGLE,26.616666666666667,,silver
False,3,5,3104,0,20,103221,23472,16,7535,JUNGLE,25.866666666666667,,silver
True,10,7,38811,2848,39,258941,60705,43,16619,JUNGLE,41.333333333333336,,silver
,,,,,,,,,,,,,silver
,,,,,,,,,,,,,silver
,,,,,,,,,,,,,silver
True,5,7,23779,3904,25,131441,33721,148,13894,BOTTOM,39.63333333333333,,silver
True,4,5,6605,1934,20,100750,14031,151,10202,BOTTOM,29.133333333333333,,silver
True,8,7,31400,3128,24,193178,26574,185,14284,BOTTOM,36.85,,silver
False,1,11,0,0,21,66113,19205,114,6801,BOTTOM,26.583333333333332,,silver
,,,,,,,,,,,,,silver
False,2,6,946,667,67,39890,16291,37,7858,UTILITY,26.416666666666668,,silver
True,1,1,2047,2047,19,16295,4087,11,5384,UTILITY,15.916666666666666,,silver
,,,,,,,,,,,,,silver
True,6,5,15267,1847,41,129101,15423,165,13340,BOTTOM,35.333333333333336,,silver
False,4,5,228,228,14,70138,12496,111,7867,BOTTOM,22.283333333333335,,silver
False,1,3,1009,0,16,49373,11169,109,6805,BOTTOM,23.25,,silver
,,,,,,,,,,,,,silver
,,,,,,,,,,,,,silver
True,4,9,6846,1013,37,230134,28092,218,15862,BOTTOM,48.68333333333333,,silver
False,0,6,1001,0,10,88166,15017,150,7832,BOTTOM,27.8,,silver
False,8,9,5245,861,12,99775,20012,144,11075,BOTTOM,26.983333333333334,,silver
,,,,,,,,,,,,,silver
,,,,,,,,,,,,,silver
,,,,,,,,,,,,,silver
,,,,,,,,,,,,,silver
,,,,,,,,,,,,,silver
,,,,,,,,,,,,,silver
,,,,,,,,,,,,,silver
,,,,,,,,,,,,,silver
,,,,,,,,,,,,,silver
,,,,,,,,,,,,,silver
,,,,,,,,,,,,,silver
,,,,,,,,,,,,,silver
,,,,,,,,,,,,,silver
,,,,,,,,,,,,,silver
,,,,,,,,,,,,,silver
,,,,,,,,,,,,,silver
,,,,,,,,,,,,,silver
,,,,,,,,,,,,,silver
,,,,,,,,,,,,,silver
False,0,5,480,0,24,14816,9419,27,3702,UTILITY,17.133333333333333,,silver
False,6,8,21883,4072,11,196772,24513,192,14078,BOTTOM,28.416666666666668,,silver
,,,,,,,,,,,,,silver
,,,,,,,,,,,,,silver
,,,,,,,,,,,,,silver
False,2,8,1808,1121,7,67704,16343,118,7810,BOTTOM,23.833333333333332,,silver
True,4,9,5924,5298,13,176987,27748,208,13366,BOTTOM,34.06666666666667,,silver
True,15,6,20546,8548,8,284790,40497,235,20158,BOTTOM,37.38333333333333,,silver
True,14,11,17226,770,78,143988,26857,59,16944,UTILITY,43.96666666666667,,silver
,,,,,,,,,,,,,silver
,,,,,,,,,,,,,silver
,,,,,,,,,,,,,silver
,,,,,,,,,,,,,silver
,,,,,,,,,,,,,silver
,,,,,,,,,,,,,silver
False,5,9,2681,668,16,119159,20493,144,9860,TOP,28.183333333333334,,silver
False,2,9,6093,865,12,103280,20233,160,9023,TOP,25.633333333333333,,silver
,,,,,,,,,,,,,silver
,,,,,,,,,,,,,silver
,,,,,,,,,,,,,silver
,,,,,,,,,,,,,silver
,,,,,,,,,,,,,silver
,,,,,,,,,,,,,silver
,,,,,,,,,,,,,silver
,,,,,,,,,,,,,silver
,,,,,,,,,,,,,silver
,,,,,,,,,,,,,silver
,,,,,,,,,,,,,silver
,,,,,,,,,,,,,silver
,,,,,,,,,,,,,silver
,,,,,,,,,,,,,silver
,,,,,,,,,,,,,silver
False,0,6,0,0,6,47827,10934,121,5600,BOTTOM,22.2,,silver
True,4,2,1991,68,3,52829,6152,120,6285,BOTTOM,16.3,,silver
,,,,,,,,,,,,,silver
,,,,,,,,,,,,,silver
,,,,,,,,,,,,,silver
,,,,,,,,,,,,,silver
,,,,,,,,,,,,,silver
,,,,,,,,,,,,,silver
True,15,7,12638,6823,21,140848,21338,158,15251,BOTTOM,30.266666666666666,,silver
False,11,11,7807,5386,18,213880,84394,228,16802,TOP,41.233333333333334,,silver
True,8,8,8047,2898,15,117989,16784,153,11967,BOTTOM,29.783333333333335,,silver
False,1,3,631,631,7,60299,6746,126,5858,BOTTOM,17.183333333333334,,silver
False,0,0,0,0,0,471,0,0,500,BOTTOM,1.7833333333333334,,silver
True,11,6,5021,4692,18,127889,18034,169,13492,BOTTOM,26.25,,silver
False,4,7,392,392,4,57718,23704,135,7873,TOP,23.983333333333334,,silver
True,21,6,4669,2868,14,180912,41376,231,19657,TOP,35.233333333333334,,silver
True,8,12,6989,3354,14,185063,43992,230,15945,TOP,40.016666666666666,,silver
True,1,0,0,0,0,1138,666,3,1018,TOP,2.1666666666666665,,silver
,,,,,,,,,,,,,silver
,,,,,,,,,,,,,silver
,,,,,,,,,,,,,silver
,,,,,,,,,,,,,silver
,,,,,,,,,,,,,silver
,,,,,,,,,,,,,silver
,,,,,,,,,,,,,silver
,,,,,,,,,,,,,silver
,,,,,,,,,,,,,silver
,,,,,,,,,,,,,silver
True,7,5,43734,1260,21,257458,49835,37,14424,JUNGLE,33.05,,silver
,,,,,,,,,,,,,silver
,,,,,,,,,,,,,silver
,,,,,,,,,,,,,silver
,,,,,,,,,,,,,silver
,,,,,,,,,,,,,silver
,,,,,,,,,,,,,silver
False,4,6,18529,604,16,210598,31817,11,10555,JUNGLE,32.6,,silver
,,,,,,,,,,,,,silver
,,,,,,,,,,,,,silver
False,5,8,1258,653,48,30143,22674,40,9050,UTILITY,29.416666666666668,,silver
False,0,3,190,0,60,27919,13703,37,6855,UTILITY,28.3,,silver
,,,,,,,,,,,,,silver
,,,,,,,,,,,,,silver
,,,,,,,,,,,,,silver
False,4,7,2008,1175,74,72320,32428,63,12415,UTILITY,39.983333333333334,,silver
False,6,7,3874,882,89,50370,27543,61,11611,UTILITY,37.2,,silver
True,3,1,4108,2104,49,27881,9420,39,7501,UTILITY,23.65,,silver
True,1,4,1447,675,45,22329,8735,20,6442,UTILITY,20.533333333333335,,silver
True,1,5,1083,148,24,15806,10493,22,4882,UTILITY,17.45,,silver
,,,,,,,,,,,,,silver
,,,,,,,,,,,,,silver
,,,,,,,,,,,,,silver
,,,,,,,,,,,,,silver
,,,,,,,,,,,,,silver
,,,,,,,,,,,,,silver
,,,,,,,,,,,,,silver
,,,,,,,,,,,,,silver
,,,,,,,,,,,,,silver
,,,,,,,,,,,,,silver
,,,,,,,,,,,,,silver
,,,,,,,,,,,,,silver
,,,,,,,,,,,,,silver
,,,,,,,,,,,,,silver
,,,,,,,,,,,,,silver
,,,,,,,,,,,,,silver
,,,,,,,,,,,,,silver
,,,,,,,,,,,,,silver
,,,,,,,,,,,,,silver
,,,,,,,,,,,,,silver
,,,,,,,,,,,,,silver
,,,,,,,,,,,,,silver
,,,,,,,,,,,,,silver
,,,,,,,,,,,,,silver
,,,,,,,,,,,,,silver
,,,,,,,,,,,,,silver
,,,,,,,,,,,,,silver
True,3,5,1398,761,19,47587,8090,35,7055,UTILITY,25.1,,silver
,,,,,,,,,,,,,silver
,,,,,,,,,,,,,silver
,,,,,,,,,,,,,silver
,,,,,,,,,,,,,silver
,,,,,,,,,,,,,silver
,,,,,,,,,,,,,silver
,,,,,,,,,,,,,silver
,,,,,,,,,,,,,silver
,,,,,,,,,,,,,silver
,,,,,,,,,,,,,silver
True,3,3,22916,511,32,206247,30353,16,10402,JUNGLE,28.016666666666666,,silver
False,5,8,4681,0,7,105724,26551,24,8594,JUNGLE,22.366666666666667,,silver
True,12,7,5946,4929,25,200008,29097,196,16199,TOP,31.666666666666668,,silver
False,3,9,525,317,57,23554,23057,33,6852,UTILITY,27.866666666666667,,silver
True,5,0,12242,764,34,152164,19946,15,9100,JUNGLE,21.983333333333334,,silver
False,10,13,26846,536,84,257450,57825,59,16657,JUNGLE,43.666666666666664,,silver
True,6,8,25691,1481,34,253481,36503,77,16469,JUNGLE,37.95,,silver
True,5,5,38081,4572,33,240677,22250,41,12731,JUNGLE,31.516666666666666,,silver
False,4,8,1195,0,11,101740,19894,53,7930,JUNGLE,20.066666666666666,,silver
False,7,7,29768,0,36,241189,42181,50,13244,JUNGLE,29.083333333333332,,silver
,,,,,,,,,,,,,silver
False,4,5,241,141,13,83020,20085,131,8308,MIDDLE,25.633333333333333,,silver
,,,,,,,,,,,,,silver
,,,,,,,,,,,,,silver
,,,,,,,,,,,,,silver
,,,,,,,,,,,,,silver
,,,,,,,,,,,,,silver
,,,,,,,,,,,,,silver
,,,,,,,,,,,,,silver
,,,,,,,,,,,,,silver
,,,,,,,,,,,,,silver
,,,,,,,,,,,,,silver
,,,,,,,,,,,,,silver
,,,,,,,,,,,,,silver
,,,,,,,,,,,,,silver
,,,,,,,,,,,,,silver
,,,,,,,,,,,,,silver
,,,,,,,,,,,,,silver
,,,,,,,,,,,,,silver
,,,,,,,,,,,,,silver
,,,,,,,,,,,,,silver
,,,,,,,,,,,,,silver
,,,,,,,,,,,,,silver
,,,,,,,,,,,,,silver
,,,,,,,,,,,,,silver
,,,,,,,,,,,,,silver
,,,,,,,,,,,,,silver
,,,,,,,,,,,,,silver
,,,,,,,,,,,,,silver
,,,,,,,,,,,,,silver
True,18,3,36378,2368,23,226784,22994,31,15988,JUNGLE,29.016666666666666,,silver
False,9,7,12942,0,20,185348,42168,14,12823,JUNGLE,29.0,,silver
,,,,,,,,,,,,,silver
,,,,,,,,,,,,,silver
,,,,,,,,,,,,,silver
,,,,,,,,,,,,,silver
,,,,,,,,,,,,,silver
True,14,4,9599,0,18,157778,31764,36,12924,JUNGLE,24.833333333333332,,silver
False,17,9,26197,0,20,245706,60442,52,17300,JUNGLE,31.616666666666667,,silver
,,,,,,,,,,,,,silver
False,7,4,20298,13681,18,273573,29838,275,15738,TOP,34.38333333333333,,silver
False,13,11,4664,1121,26,274934,52573,245,17173,TOP,42.71666666666667,,silver
False,6,11,12243,3673,24,245942,40873,266,15270,TOP,37.96666666666667,,silver
False,13,13,10968,10040,22,280318,64707,255,18552,TOP,38.03333333333333,,silver
True,1,5,5175,5175,17,144428,24508,174,10975,TOP,27.8,,silver
True,7,5,13434,11006,22,276574,58328,285,17223,TOP,37.28333333333333,,silver
False,5,8,7663,3193,10,154141,21094,188,10584,TOP,27.683333333333334,,silver
True,2,0,5541,4078,8,139152,18473,191,9534,TOP,23.666666666666668,,silver
True,5,4,10005,7888,11,146463,25703,171,12373,TOP,28.266666666666666,,silver
True,9,7,13934,7501,15,217394,30780,202,13324,TOP,32.233333333333334,,silver
False,1,2,2309,0,13,68205,15139,140,6598,TOP,23.75,,silver
,,,,,,,,,,,,,silver
False,1,8,925,925,30,195340,24129,205,11423,BOTTOM,36.233333333333334,,silver
True,5,7,21314,2830,19,178660,25675,25,11259,JUNGLE,26.066666666666666,,silver
True,4,4,33647,2815,21,198713,24750,36,11294,JUNGLE,30.166666666666668,,silver
True,12,8,44983,2474,22,255787,61290,45,18715,JUNGLE,39.25,,silver
True,3,4,12894,5084,18,133220,25199,167,11541,TOP,33.1,,silver
False,0,3,0,0,10,29564,7928,73,3866,TOP,15.75,,silver
True,0,0,0,0,0,326,0,0,500,TOP,1.7666666666666666,,silver
True,10,3,49382,17114,20,286802,17812,292,18850,BOTTOM,34.416666666666664,,silver
,,,,,,,,,,,,,silver
,,,,,,,,,,,,,silver
,,,,,,,,,,,,,silver
,,,,,,,,,,,,,silver
,,,,,,,,,,,,,silver
,,,,,,,,,,,,,silver
,,,,,,,,,,,,,silver
,,,,,,,,,,,,,silver
False,10,5,1592,1592,22,186303,32866,235,14480,MIDDLE,34.65,,silver
False,4,5,10465,1401,18,145031,30029,165,10537,MIDDLE,26.583333333333332,,silver
False,1,4,0,0,12,50998,11666,114,6088,MIDDLE,19.033333333333335,,silver
False,1,3,3160,0,7,60829,11931,2,4286,JUNGLE,15.583333333333334,,silver
,,,,,,,,,,,,,silver
True,16,0,6590,4403,13,132570,8312,162,14718,MIDDLE,26.916666666666668,,silver
,,,,,,,,,,,,,silver
,,,,,,,,,,,,,silver
,,,,,,,,,,,,,silver
,,,,,,,,,,,,,silver
False,0,0,0,0,0,5345,1121,15,1064,TOP,3.8333333333333335,,silver
False,0,2,7987,856,8,79741,7211,124,5951,MIDDLE,19.866666666666667,,silver
False,1,8,1275,1275,15,124723,15911,170,8603,BOTTOM,27.6,,silver
False,0,1,129,129,6,29880,3538,77,3555,BOTTOM,13.066666666666666,,silver
,,,,,,,,,,,,,silver
,,,,,,,,,,,,,silver
,,,,,,,,,,,,,silver
,,,,,,,,,,,,,silver
,,,,,,,,,,,,,silver
,,,,,,,,,,,,,silver
,,,,,,,,,,,,,silver
,,,,,,,,,,,,,silver
,,,,,,,,,,,,,silver
,,,,,,,,,,,,,silver
,,,,,,,,,,,,,silver
True,11,6,29862,3695,25,195982,26576,199,13766,MIDDLE,27.366666666666667,,silver
True,9,10,2604,2604,12,108393,20675,117,10184,MIDDLE,21.383333333333333,,silver
False,0,0,0,0,0,2087,31,9,739,MIDDLE,2.466666666666667,,silver
False,3,4,2340,2340,18,195359,15054,261,12346,MIDDLE,30.616666666666667,,silver
,,,,,,,,,,,,,silver
,,,,,,,,,,,,,silver
,,,,,,,,,,,,,silver
,,,,,,,,,,,,,silver
,,,,,,,,,,,,,silver
,,,,,,,,,,,,,silver
,,,,,,,,,,,,,silver
,,,,,,,,,,,,,silver
,,,,,,,,,,,,,silver
,,,,,,,,,,,,,silver
,,,,,,,,,,,,,silver
,,,,,,,,,,,,,silver
False,0,6,1070,789,45,24559,13579,21,5958,UTILITY,28.883333333333333,,silver
,,,,,,,,,,,,,silver
,,,,,,,,,,,,,silver
False,1,3,0,0,31,7491,5917,7,3751,UTILITY,16.566666666666666,,silver
False,2,0,71,71,11,6819,2455,9,3812,UTILITY,15.2,,silver
True,3,8,1910,1315,60,21349,22339,10,10317,UTILITY,32.56666666666667,,silver
False,3,9,2432,672,51,32328,28395,29,9026,UTILITY,34.25,,silver
True,3,0,492,179,6,5178,1513,1,3546,UTILITY,10.15,,silver
True,1,2,2936,678,58,19317,8710,5,8050,UTILITY,28.016666666666666,,silver
,,,,,,,,,,,,,silver
,,,,,,,,,,,,,silver
,,,,,,,,,,,,,silver
,,,,,,,,,,,,,silver
,,,,,,,,,,,,,silver
,,,,,,,,,,,,,silver
,,,,,,,,,,,,,silver
,,,,,,,,,,,,,silver
,,,,,,,,,,,,,silver
,,,,,,,,,,,,,silver
,,,,,,,,,,,,,silver
,,,,,,,,,,,,,silver
,,,,,,,,,,,,,silver
,,,,,,,,,,,,,silver
,,,,,,,,,,,,,silver
,,,,,,,,,,,,,silver
,,,,,,,,,,,,,silver
,,,,,,,,,,,,,silver
,,,,,,,,,,,,,silver
,,,,,,,,,,,,,silver
,,,,,,,,,,,,,silver
,,,,,,,,,,,,,silver
,,,,,,,,,,,,,silver
,,,,,,,,,,,,,silver
False,3,8,292,0,7,86431,30838,131,8905,TOP,30.066666666666666,,silver
,,,,,,,,,,,,,silver
,,,,,,,,,,,,,silver
,,,,,,,,,,,,,silver
,,,,,,,,,,,,,silver
,,,,,,,,,,,,,silver
,,,,,,,,,,,,,silver
,,,,,,,,,,,,,silver
True,13,10,27911,8123,18,186233,26474,179,16118,BOTTOM,34.05,,silver
,,,,,,,,,,,,,silver
,,,,,,,,,,,,,silver
,,,,,,,,,,,,,silver
,,,,,,,,,,,,,silver
,,,,,,,,,,,,,silver
,,,,,,,,,,,,,silver
,,,,,,,,,,,,,silver
,,,,,,,,,,,,,silver
,,,,,,,,,,,,,silver
,,,,,,,,,,,,,silver
,,,,,,,,,,,,,silver
,,,,,,,,,,,,,silver
,,,,,,,,,,,,,silver
,,,,,,,,,,,,,silver
,,,,,,,,,,,,,silver
,,,,,,,,,,,,,silver
,,,,,,,,,,,,,silver
,,,,,,,,,,,,,silver
,,,,,,,,,,,,,silver
,,,,,,,,,,,,,silver
,,,,,,,,,,,,,silver
,,,,,,,,,,,,,silver
False,2,12,9564,4457,5,208968,32249,223,12675,BOTTOM,35.21666666666667,,silver
True,11,12,22808,3564,16,194528,32840,152,17424,BOTTOM,34.1,,silver
,,,,,,,,,,,,,silver
True,3,9,20938,6089,9,145677,21261,170,12060,BOTTOM,31.483333333333334,,silver
False,5,11,8793,3277,8,104622,25953,136,11309,BOTTOM,29.516666666666666,,silver
,,,,,,,,,,,,,silver
,,,,,,,,,,,,,silver
,,,,,,,,,,,,,silver
False,14,10,6710,2704,19,129986,24581,161,14902,BOTTOM,33.63333333333333,,silver
False,3,6,3492,543,17,128987,22758,152,11335,BOTTOM,35.983333333333334,,silver
False,2,2,0,0,6,42272,6337,83,5330,BOTTOM,17.216666666666665,,silver
True,4,10,11924,5773,33,141410,24260,169,12242,BOTTOM,35.96666666666667,,silver
False,9,8,6897,3389,20,160782,28280,184,13395,BOTTOM,33.166666666666664,,silver
True,5,4,3141,1625,9,44866,7222,99,6360,BOTTOM,15.733333333333333,,silver
True,3,8,19450,5712,31,155978,25061,162,11190,BOTTOM,35.0,,silver
True,10,9,13477,2568,43,127382,28991,147,13670,BOTTOM,35.416666666666664,,silver
True,2,17,5161,2104,45,155610,33760,185,13088,BOTTOM,44.21666666666667,,silver
False,2,6,2464,1739,19,207121,24162,242,13113,BOTTOM,37.583333333333336,,silver
False,10,13,1118,1118,19,129663,27192,145,13278,MIDDLE,30.933333333333334,,silver
False,3,10,8319,8280,20,121606,28517,163,10235,TOP,28.0,,silver
False,0,7,2022,1051,15,102028,19453,133,8377,MIDDLE,28.233333333333334,,silver
False,6,10,8685,2170,22,113085,29365,133,11606,MIDDLE,36.28333333333333,,silver
True,4,6,3264,1493,24,79407,20404,108,8914,MIDDLE,27.116666666666667,,silver
True,5,11,9406,3603,24,144398,30066,149,13450,MIDDLE,35.266666666666666,,silver
True,4,7,26399,463,27,144075,30676,7,10489,JUNGLE,28.783333333333335,,silver
True,5,10,6398,3568,15,120015,31240,136,11811,MIDDLE,33.833333333333336,,silver
True,7,5,5952,5264,13,94651,23668,109,9487,MIDDLE,26.016666666666666,,silver
False,4,9,3640,562,29,119403,34352,128,11008,MIDDLE,37.68333333333333,,silver
False,22,8,20842,4357,36,361262,31234,283,23644,MIDDLE,47.38333333333333,,silver
True,11,0,1529,1172,15,104196,6815,152,10359,MIDDLE,20.683333333333334,,silver
True,8,10,9865,4252,25,178832,42052,205,14719,TOP,36.3,,silver
True,8,8,36595,3670,20,219417,28046,181,15479,TOP,32.5,,silver
True,12,5,10120,3695,27,226453,26677,220,14556,TOP,29.116666666666667,,silver
False,3,7,6222,1289,9,131255,24658,49,8724,JUNGLE,24.933333333333334,,silver
True,4,2,10738,117,9,78933,13266,7,6529,JUNGLE,15.333333333333334,,silver
False,19,13,18935,1095,22,272739,53778,83,18474,JUNGLE,35.95,,silver
True,18,4,23715,5883,14,191350,23946,80,15832,JUNGLE,22.883333333333333,,silver
False,8,9,14846,283,9,134280,25462,26,10749,JUNGLE,21.2,,silver
True,9,5,3767,3661,28,130263,24596,183,12038,MIDDLE,31.466666666666665,,silver
False,0,0,1777,0,10,51331,2887,116,4692,MIDDLE,15.683333333333334,,silver
False,7,5,3160,1641,25,113217,28723,153,11638,MIDDLE,31.333333333333332,,silver
False,4,7,4246,3125,9,111464,26149,135,9466,MIDDLE,28.333333333333332,,silver
False,5,4,2363,0,14,50511,6535,99,5805,MIDDLE,17.433333333333334,,silver
False,2,4,2515,1262,14,90800,9883,153,7110,MIDDLE,21.766666666666666,,silver
,,,,,,,,,,,,,silver
False,7,8,6275,349,16,141330,22026,187,11287,MIDDLE,31.016666666666666,,silver
False,3,6,487,487,7,63940,21925,113,6820,MIDDLE,20.433333333333334,,silver
False,9,9,4653,680,12,163892,51729,168,13528,MIDDLE,38.666666666666664,,silver
,,,,,,,,,,,,,silver
,,,,,,,,,,,,,silver
,,,,,,,,,,,,,silver
,,,,,,,,,,,,,silver
,,,,,,,,,,,,,silver
,,,,,,,,,,,,,silver
,,,,,,,,,,,,,silver
,,,,,,,,,,,,,silver
True,11,10,9892,1231,69,67957,21138,37,12957,UTILITY,35.7,,silver
False,2,7,800,36,17,20661,8640,13,4677,UTILITY,19.433333333333334,,silver
True,13,10,73834,8240,37,325413,39035,221,20914,BOTTOM,44.516666666666666,,silver
False,5,9,14851,1978,21,145428,22291,142,10871,BOTTOM,32.81666666666667,,silver
False,13,12,20627,899,13,185555,38002,57,14081,JUNGLE,30.15,,silver
True,9,3,28830,1430,16,168993,30059,28,11709,JUNGLE,24.983333333333334,,silver
False,9,15,14175,884,9,203206,49345,75,13646,JUNGLE,32.43333333333333,,silver
False,1,6,45378,472,17,294990,38621,30,13003,JUNGLE,38.28333333333333,,silver
False,5,11,6999,2960,31,238039,40234,224,18028,MIDDLE,50.9,,silver
False,2,5,688,455,16,78687,18721,126,7160,MIDDLE,24.766666666666666,,silver
True,10,10,16020,1906,15,131543,26066,142,13840,MIDDLE,33.36666666666667,,silver
False,1,10,92,92,19,51122,20929,94,5554,MIDDLE,23.033333333333335,,silver
,,,,,,,,,,,,,silver
,,,,,,,,,,,,,silver
,,,,,,,,,,,,,silver
,,,,,,,,,,,,,silver
,,,,,,,,,,,,,silver
,,,,,,,,,,,,,silver
,,,,,,,,,,,,,silver
,,,,,,,,,,,,,silver
,,,,,,,,,,,,,silver
,,,,,,,,,,,,,silver
,,,,,,,,,,,,,silver
,,,,,,,,,,,,,silver
False,7,7,11750,6219,14,141438,27756,159,11733,TOP,28.683333333333334,,silver
True,6,5,33804,1510,18,219495,28963,51,12891,JUNGLE,31.216666666666665,,silver
True,8,11,7081,715,26,175843,48875,174,14393,TOP,41.766666666666666,,silver
,,,,,,,,,,,,,silver
,,,,,,,,,,,,,silver
,,,,,,,,,,,,,silver
,,,,,,,,,,,,,silver
,,,,,,,,,,,,,silver
,,,,,,,,,,,,,silver
,,,,,,,,,,,,,silver
,,,,,,,,,,,,,silver
,,,,,,,,,,,,,silver
,,,,,,,,,,,,,silver
,,,,,,,,,,,,,silver
,,,,,,,,,,,,,silver
,,,,,,,,,,,,,silver
,,,,,,,,,,,,,silver
,,,,,,,,,,,,,silver
,,,,,,,,,,,,,silver
,,,,,,,,,,,,,silver
,,,,,,,,,,,,,silver
,,,,,,,,,,,,,silver
,,,,,,,,,,,,,silver
,,,,,,,,,,,,,silver
,,,,,,,,,,,,,silver
False,6,9,6126,2356,24,141653,22154,204,11827,BOTTOM,31.3,,silver
,,,,,,,,,,,,,silver
,,,,,,,,,,,,,silver
,,,,,,,,,,,,,silver
,,,,,,,,,,,,,silver
True,11,9,16453,2553,17,172248,25033,201,14773,BOTTOM,37.1,,silver
False,0,0,0,0,0,8092,588,25,1277,MIDDLE,4.133333333333334,,silver
,,,,,,,,,,,,,silver
,,,,,,,,,,,,,silver
,,,,,,,,,,,,,silver
,,,,,,,,,,,,,silver
,,,,,,,,,,,,,silver
,,,,,,,,,,,,,silver
,,,,,,,,,,,,,silver
,,,,,,,,,,,,,silver
,,,,,,,,,,,,,silver
,,,,,,,,,,,,,silver
,,,,,,,,,,,,,silver
,,,,,,,,,,,,,silver
,,,,,,,,,,,,,silver
,,,,,,,,,,,,,silver
,,,,,,,,,,,,,silver
,,,,,,,,,,,,,silver
,,,,,,,,,,,,,silver
,,,,,,,,,,,,,silver
,,,,,,,,,,,,,silver
,,,,,,,,,,,,,silver
,,,,,,,,,,,,,silver
,,,,,,,,,,,,,silver
,,,,,,,,,,,,,silver
True,9,1,4078,833,11,84682,10859,127,9490,MIDDLE,19.25,,silver
True,7,3,4578,4578,10,81565,14435,135,9232,MIDDLE,21.433333333333334,,silver
True,12,4,39625,7274,28,265654,33722,229,18477,MIDDLE,36.85,,silver
True,10,5,13456,4826,13,185799,29579,172,14591,MIDDLE,30.433333333333334,,silver
True,13,4,24579,7505,22,145569,21276,151,13159,MIDDLE,27.983333333333334,,silver
False,18,5,22578,10355,14,174177,23897,191,18500,MIDDLE,32.68333333333333,,silver
False,1,5,0,0,8,52302,10302,96,5438,MIDDLE,19.983333333333334,,silver
,,,,,,,,,,,,,silver
,,,,,,,,,,,,,silver
,,,,,,,,,,,,,silver
,,,,,,,,,,,,,silver
,,,,,,,,,,,,,silver
,,,,,,,,,,,,,silver
,,,,,,,,,,,,,silver
,,,,,,,,,,,,,silver
,,,,,,,,,,,,,silver
,,,,,,,,,,,,,silver
False,3,13,10367,0,23,129944,42864,12,9541,JUNGLE,31.233333333333334,,silver
False,8,9,6727,0,17,118485,31283,11,9869,JUNGLE,26.983333333333334,,silver
False,1,12,661,661,34,35253,15235,21,6582,UTILITY,28.2,,silver
False,9,12,14708,307,18,184548,46036,16,12375,JUNGLE,31.45,,silver
False,3,11,12833,0,20,197030,41098,11,10614,JUNGLE,35.95,,silver
True,5,0,18667,0,12,97066,13714,1,6924,JUNGLE,15.766666666666667,,silver
True,0,0,0,0,0,1034,333,0,505,JUNGLE,1.7666666666666666,,silver
True,16,7,33699,883,15,238528,45319,40,17153,JUNGLE,32.43333333333333,,silver
True,1,3,21108,0,9,73439,15384,2,5357,JUNGLE,15.283333333333333,,silver
True,24,8,43706,437,18,225803,64079,44,20482,JUNGLE,34.88333333333333,,silver
,,,,,,,,,,,,,silver
,,,,,,,,,,,,,silver
,,,,,,,,,,,,,silver
,,,,,,,,,,,,,silver
,,,,,,,,,,,,,silver
,,,,,,,,,,,,,silver
,,,,,,,,,,,,,silver
,,,,,,,,,,,,,silver
,,,,,,,,,,,,,silver
,,,,,,,,,,,,,silver
False,7,7,165,0,18,102254,30828,136,10545,MIDDLE,30.066666666666666,,silver
False,5,9,222,222,25,116671,32685,170,9901,MIDDLE,31.133333333333333,,silver
True,6,3,3617,1437,26,92619,16466,141,9559,MIDDLE,24.583333333333332,,silver
True,14,6,6576,4272,30,135159,33562,162,15733,MIDDLE,33.75,,silver
True,7,3,17773,9790,16,177183,14956,184,12511,TOP,23.116666666666667,,silver
True,5,1,2727,2727,9,47368,6062,113,7092,MIDDLE,15.25,,silver
True,25,9,30442,14899,24,287018,34352,259,22282,BOTTOM,37.78333333333333,,silver
True,15,1,5451,4269,12,140177,17654,196,15389,MIDDLE,28.7,,silver
True,12,5,5426,2496,27,128430,29875,166,14038,MIDDLE,32.15,,silver
True,9,3,2799,2799,16,145828,17965,187,11631,TOP,24.333333333333332,,silver
False,3,7,5437,503,39,159198,23462,219,12614,MIDDLE,36.9,,silver
,,,,,,,,,,,,,silver
,,,,,,,,,,,,,silver
,,,,,,,,,,,,,silver
,,,,,,,,,,,,,silver
,,,,,,,,,,,,,silver
False,9,6,14406,1059,31,125859,31352,157,13099,MIDDLE,38.666666666666664,,silver
True,6,1,2798,1980,5,57477,4010,111,6879,MIDDLE,15.316666666666666,,silver
True,7,3,5820,5377,20,145299,19885,178,12655,MIDDLE,32.666666666666664,,silver
True,13,2,18997,9851,13,119979,13200,157,13052,MIDDLE,25.65,,silver
,,,,,,,,,,,,,silver
,,,,,,,,,,,,,silver
,,,,,,,,,,,,,silver
,,,,,,,,,,,,,silver
,,,,,,,,,,,,,silver
,,,,,,,,,,,,,silver
,,,,,,,,,,,,,silver
,,,,,,,,,,,,,silver
,,,,,,,,,,,,,silver
,,,,,,,,,,,,,silver
,,,,,,,,,,,,,silver
,,,,,,,,,,,,,silver
,,,,,,,,,,,,,silver
False,3,6,534,117,44,71004,16547,40,8285,UTILITY,33.0,,silver
,,,,,,,,,,,,,silver
,,,,,,,,,,,,,silver
False,4,12,16651,10863,28,247467,82888,240,14726,MIDDLE,38.75,,silver
True,7,11,11947,11947,6,160197,55510,184,14547,TOP,30.883333333333333,,silver
False,3,9,914,0,69,46910,18913,32,8476,UTILITY,31.716666666666665,,silver
True,1,3,2903,0,10,27139,8698,71,4698,BOTTOM,15.866666666666667,,silver
True,4,6,1770,1615,36,34228,11071,10,7060,UTILITY,21.216666666666665,,silver
False,12,8,19318,7129,19,161973,18977,174,13587,BOTTOM,29.6,,silver
True,7,13,32052,1790,30,237814,54084,40,15696,JUNGLE,38.416666666666664,,silver
,,,,,,,,,,,,,silver
,,,,,,,,,,,,,silver
,,,,,,,,,,,,,silver
,,,,,,,,,,,,,silver
,,,,,,,,,,,,,silver
False,2,8,655,655,7,52987,15113,109,6813,BOTTOM,22.133333333333333,,silver
,,,,,,,,,,,,,silver
,,,,,,,,,,,,,silver
True,1,11,1851,957,81,28930,27424,39,9192,UTILITY,37.71666666666667,,silver
True,5,6,1659,962,47,25057,25756,34,10673,UTILITY,33.2,,silver
False,1,3,0,0,8,47435,11238,112,5632,MIDDLE,19.433333333333334,,silver
False,1,9,3276,2110,8,86311,18457,135,7372,MIDDLE,22.483333333333334,,silver
False,7,5,5342,588,8,130950,18555,198,12265,MIDDLE,27.616666666666667,,silver
False,10,7,5427,1158,28,206182,26382,209,15122,BOTTOM,30.833333333333332,,silver
False,16,11,15416,4048,19,211352,39528,209,18297,MIDDLE,34.15,,silver
False,2,9,494,0,81,28003,21914,56,8565,UTILITY,30.316666666666666,,silver
True,3,0,26398,6571,34,127322,23190,151,11195,TOP,27.683333333333334,,silver
,,,,,,,,,,,,,silver
,,,,,,,,,,,,,silver
True,15,4,30898,10503,57,289960,23589,222,20634,BOTTOM,37.666666666666664,,silver
True,4,6,9421,8190,8,122198,30443,150,10275,TOP,27.383333333333333,,silver
False,5,8,4807,4125,9,138885,22612,211,12041,TOP,26.633333333333333,,silver
False,5,11,1807,1807,9,88037,36757,127,8876,TOP,29.066666666666666,,silver
True,21,5,19109,16564,13,183760,50127,190,17414,TOP,26.133333333333333,,silver
,,,,,,,,,,,,,silver
,,,,,,,,,,,,,silver
,,,,,,,,,,,,,silver
,,,,,,,,,,,,,silver
,,,,,,,,,,,,,silver
,,,,,,,,,,,,,silver
False,4,4,1917,1587,10,88854,15230,160,9436,TOP,22.683333333333334,,silver
False,1,7,855,855,36,30958,14391,30,6700,UTILITY,27.116666666666667,,silver
,,,,,,,,,,,,,silver
,,,,,,,,,,,,,silver
False,0,0,0,0,0,730,580,0,500,TOP,1.7166666666666666,,silver
True,6,5,18684,18484,16,176399,29594,213,15175,TOP,30.6,,silver
False,2,12,4001,975,12,92002,32124,123,8387,TOP,29.883333333333333,,silver
True,7,8,15208,7656,15,164162,25737,178,13375,TOP,28.283333333333335,,silver
True,4,10,19303,11981,14,151163,31758,145,12373,TOP,31.25,,silver
True,15,4,12095,10356,7,132935,27945,139,13503,TOP,22.45,,silver
False,15,12,21403,3902,44,217297,38931,146,18381,BOTTOM,46.21666666666667,,silver
False,15,4,15606,2490,24,104692,17888,122,12606,BOTTOM,27.566666666666666,,silver
False,2,8,3018,0,45,62705,18759,61,7719,UTILITY,26.633333333333333,,silver
True,6,3,15797,2576,55,65415,16936,33,10904,UTILITY,27.75,,silver
True,21,5,61043,1031,34,280952,44409,25,18813,JUNGLE,40.21666666666667,,silver
False,13,5,8329,1978,99,192058,17073,130,15323,UTILITY,43.583333333333336,,silver
True,18,8,13224,4084,53,159570,15089,81,16757,UTILITY,34.88333333333333,,silver
True,11,1,5375,1957,35,61187,7669,64,9468,UTILITY,21.5,,silver
False,6,10,1173,911,30,51388,17508,53,8421,UTILITY,24.516666666666666,,silver
False,5,10,1884,1687,70,92562,23954,74,11905,UTILITY,33.266666666666666,,silver
False,11,14,25169,4968,33,338929,38806,243,21145,BOTTOM,44.55,,silver
True,3,7,18052,555,28,223828,23863,209,13487,BOTTOM,39.1,,silver
False,4,14,7598,740,19,158616,34949,154,12282,BOTTOM,36.05,,silver
True,13,10,18392,1367,26,180976,32931,203,16476,BOTTOM,38.61666666666667,,silver
,,,,,,,,,,,,,silver
,,,,,,,,,,,,,silver
False,2,8,1250,143,15,84107,15337,148,7330,BOTTOM,24.683333333333334,,silver
False,0,2,923,923,17,70752,11449,147,6579,BOTTOM,23.3,,silver
False,5,3,7277,1664,16,83312,12124,130,8898,BOTTOM,23.166666666666668,,silver
True,4,4,18684,5507,21,128387,16355,156,11645,BOTTOM,29.616666666666667,,silver
,,,,,,,,,,,,,silver
,,,,,,,,,,,,,silver
,,,,,,,,,,,,,silver
,,,,,,,,,,,,,silver
,,,,,,,,,,,,,silver
,,,,,,,,,,,,,silver
False,3,6,4493,2038,18,138183,36651,190,10168,TOP,31.25,,silver
,,,,,,,,,,,,,silver
,,,,,,,,,,,,,silver
,,,,,,,,,,,,,silver
False,6,7,4395,1948,20,158846,21739,202,12262,BOTTOM,31.45,,silver
True,5,3,768,0,7,65336,7548,112,7450,BOTTOM,18.616666666666667,,silver
False,1,2,925,925,11,126993,11882,189,8726,BOTTOM,25.316666666666666,,silver
False,2,1,2622,280,8,89645,9139,147,7137,BOTTOM,20.683333333333334,,silver
True,4,2,11675,3395,13,146185,10824,186,10940,BOTTOM,26.15,,silver
False,17,11,18306,4543,20,259608,33970,221,19808,BOTTOM,35.916666666666664,,silver
True,5,1,17424,8601,13,161016,7336,203,12075,BOTTOM,25.566666666666666,,silver
False,2,8,8631,4440,11,293215,28921,278,15724,BOTTOM,38.61666666666667,,silver
True,16,4,11493,6249,11,162699,13318,182,14609,BOTTOM,25.916666666666668,,silver
True,9,7,34972,3111,30,374845,34874,281,19704,BOTTOM,44.333333333333336,,silver
,,,,,,,,,,,,,silver
,,,,,,,,,,,,,silver
,,,,,,,,,,,,,silver
,,,,,,,,,,,,,silver
,,,,,,,,,,,,,silver
,,,,,,,,,,,,,silver
,,,,,,,,,,,,,silver
,,,,,,,,,,,,,silver
,,,,,,,,,,,,,silver
,,,,,,,,,,,,,silver
,,,,,,,,,,,,,silver
,,,,,,,,,,,,,silver
,,,,,,,,,,,,,silver
,,,,,,,,,,,,,silver
,,,,,,,,,,,,,silver
False,2,4,625,0,12,57359,13555,125,6425,BOTTOM,20.683333333333334,,silver
False,11,8,16786,5988,25,284729,33410,296,18809,BOTTOM,40.63333333333333,,silver
,,,,,,,,,,,,,silver
True,7,1,2997,2997,12,89429,19829,148,10201,TOP,21.733333333333334,,silver
False,1,9,3683,2343,18,105115,32737,145,8491,TOP,30.916666666666668,,silver
False,4,7,0,0,10,63166,20101,117,7490,MIDDLE,24.433333333333334,,silver
True,0,0,0,0,0,2151,395,9,780,MIDDLE,2.8,,silver
True,7,4,10239,2217,24,159692,31792,195,13750,MIDDLE,37.11666666666667,,silver
True,4,8,612,612,12,73815,25846,89,8721,MIDDLE,27.533333333333335,,silver
True,13,2,13266,7434,5,146086,29055,170,14242,MIDDLE,24.666666666666668,,silver
False,4,7,9597,3014,23,223260,37056,207,13171,MIDDLE,32.21666666666667,,silver
True,11,5,4994,2321,17,115785,19384,130,11768,MIDDLE,25.166666666666668,,silver
True,12,8,8943,3059,19,145543,29607,172,14568,MIDDLE,31.1,,silver
True,12,0,2708,2708,12,88933,15283,135,10468,MIDDLE,21.116666666666667,,silver
False,9,10,2901,2763,34,153106,39361,181,12996,MIDDLE,36.6,,silver
False,3,5,3369,3369,13,148756,26931,191,10644,MIDDLE,29.066666666666666,,silver
False,7,10,89,0,22,102621,50472,37,9034,JUNGLE,26.2,,silver
True,13,9,2035,1233,14,159680,41517,184,14784,MIDDLE,33.333333333333336,,silver
False,0,0,0,0,0,0,0,0,500,MIDDLE,1.7666666666666666,,silver
True,10,5,27130,517,18,183995,18280,19,10396,JUNGLE,22.35,,silver
False,3,7,10664,359,7,81946,19734,20,5958,JUNGLE,17.2,,silver
True,16,5,52938,14260,10,217045,35106,78,16590,JUNGLE,24.2,,silver
False,7,7,20067,700,15,261970,37298,32,12426,JUNGLE,30.966666666666665,,silver
True,9,6,29451,3703,14,177531,40058,26,10542,JUNGLE,26.983333333333334,,silver
False,14,5,48027,556,29,256587,34798,49,16591,JUNGLE,32.733333333333334,,silver
True,5,1,20538,834,11,96343,11252,11,6898,JUNGLE,15.3,,silver
True,12,4,35173,2785,18,276941,29994,39,16091,JUNGLE,31.033333333333335,,silver
False,6,12,52835,499,14,339486,47171,32,15153,JUNGLE,39.38333333333333,,silver
False,8,4,13517,398,12,128417,17629,9,8739,JUNGLE,21.7,,silver
True,17,2,38069,7429,8,262787,24368,60,15691,JUNGLE,28.7,,silver
,,,,,,,,,,,,,silver
,,,,,,,,,,,,,silver
False,15,6,7942,0,10,256617,54137,225,16296,MIDDLE,31.916666666666668,,silver
False,3,4,4843,395,31,28860,27038,35,9281,UTILITY,32.85,,silver
True,2,0,4465,0,10,103422,13972,142,7224,MIDDLE,20.2,,silver
,,,,,,,,,,,,,silver
,,,,,,,,,,,,,silver
,,,,,,,,,,,,,silver
,,,,,,,,,,,,,silver
,,,,,,,,,,,,,silver
,,,,,,,,,,,,,silver
,,,,,,,,,,,,,silver
,,,,,,,,,,,,,silver
,,,,,,,,,,,,,silver
,,,,,,,,,,,,,silver
,,,,,,,,,,,,,silver
,,,,,,,,,,,,,silver
,,,,,,,,,,,,,silver
,,,,,,,,,,,,,silver
,,,,,,,,,,,,,silver
,,,,,,,,,,,,,silver
False,5,6,2759,663,33,130800,30846,195,11967,TOP,32.68333333333333,,silver
,,,,,,,,,,,,,silver
False,2,12,1933,173,67,33945,29647,32,8713,UTILITY,34.03333333333333,,silver
False,3,8,1136,1136,2,73941,16293,134,7949,MIDDLE,20.216666666666665,,silver
True,11,7,7314,3463,24,156707,24674,163,13983,MIDDLE,31.4,,silver
False,6,9,1743,1238,18,111986,24839,158,11865,MIDDLE,30.433333333333334,,silver
True,20,7,10204,8113,21,217273,33576,216,20915,MIDDLE,34.43333333333333,,silver
True,9,10,7842,1958,18,104232,26621,135,14051,MIDDLE,32.13333333333333,,silver
True,9,3,14230,5956,9,140873,16354,187,12218,MIDDLE,23.616666666666667,,silver
True,8,4,11807,2669,26,166406,42613,193,13717,TOP,35.11666666666667,,silver
True,14,4,13867,3148,23,169350,20050,196,15263,BOTTOM,32.5,,silver
True,4,5,6200,3729,29,107768,42554,168,11281,TOP,29.916666666666668,,silver
False,5,5,4535,0,11,81752,15988,143,8829,MIDDLE,22.766666666666666,,silver
False,4,7,3817,369,17,135327,21709,170,10280,MIDDLE,28.283333333333335,,silver
True,2,1,3202,77,12,47333,6379,102,6229,MIDDLE,16.266666666666666,,silver
True,12,2,657,657,23,82970,18485,124,9870,MIDDLE,24.6,,silver
True,8,3,24711,7494,33,183836,19412,181,13868,MIDDLE,32.15,,silver
True,20,4,2589,2589,24,136666,24896,157,14336,MIDDLE,29.95,,silver
False,4,4,4697,689,34,141709,15418,204,11835,MIDDLE,34.15,,silver
,,,,,,,,,,,,,silver
,,,,,,,,,,,,,silver
,,,,,,,,,,,,,silver
,,,,,,,,,,,,,silver
,,,,,,,,,,,,,silver
,,,,,,,,,,,,,silver
,,,,,,,,,,,,,silver
,,,,,,,,,,,,,silver
,,,,,,,,,,,,,silver
,,,,,,,,,,,,,silver
,,,,,,,,,,,,,silver
,,,,,,,,,,,,,silver
,,,,,,,,,,,,,silver
,,,,,,,,,,,,,silver
,,,,,,,,,,,,,silver
,,,,,,,,,,,,,silver
,,,,,,,,,,,,,silver
,,,,,,,,,,,,,silver
,,,,,,,,,,,,,silver
,,,,,,,,,,,,,silver
,,,,,,,,,,,,,silver
,,,,,,,,,,,,,silver
,,,,,,,,,,,,,silver
,,,,,,,,,,,,,silver
,,,,,,,,,,,,,silver
,,,,,,,,,,,,,silver
,,,,,,,,,,,,,silver
,,,,,,,,,,,,,silver
,,,,,,,,,,,,,silver
,,,,,,,,,,,,,silver
,,,,,,,,,,,,,silver
,,,,,,,,,,,,,silver
,,,,,,,,,,,,,silver
,,,,,,,,,,,,,silver
,,,,,,,,,,,,,silver
,,,,,,,,,,,,,silver
,,,,,,,,,,,,,silver
,,,,,,,,,,,,,silver
,,,,,,,,,,,,,silver
,,,,,,,,,,,,,silver
,,,,,,,,,,,,,silver
,,,,,,,,,,,,,silver
,,,,,,,,,,,,,silver
,,,,,,,,,,,,,silver
,,,,,,,,,,,,,silver
,,,,,,,,,,,,,silver
True,19,6,14760,6689,14,206216,24779,210,17994,BOTTOM,30.9,,silver
True,4,1,1369,1369,3,43252,5767,115,6211,BOTTOM,15.383333333333333,,silver
True,0,0,0,0,0,470,0,0,500,BOTTOM,1.75,,silver
True,9,8,21729,1005,26,174315,42038,44,14446,JUNGLE,35.11666666666667,,silver
True,8,7,22432,7965,12,113685,17289,154,12346,BOTTOM,27.1,,silver
False,9,6,2238,486,57,64067,28396,53,11139,JUNGLE,31.45,,silver
True,7,6,25099,357,21,207450,40416,39,14910,JUNGLE,39.416666666666664,,silver
False,3,5,1718,382,31,30711,20724,42,7173,UTILITY,25.266666666666666,,silver
False,10,11,10748,3734,12,185048,29918,197,15505,BOTTOM,30.7,,silver
True,13,8,21608,10037,15,196831,24369,164,16142,BOTTOM,32.0,,silver
False,13,6,12970,3029,18,187731,43335,202,16622,TOP,32.916666666666664,,silver
,,,,,,,,,,,,,silver
,,,,,,,,,,,,,silver
,,,,,,,,,,,,,silver
True,2,11,3939,2463,15,65778,26540,85,9476,TOP,30.633333333333333,,silver
False,14,7,45549,127,31,230501,34592,58,17327,JUNGLE,35.4,,silver
True,7,4,54737,261,22,223614,33924,26,13782,JUNGLE,32.75,,silver
False,4,5,7671,0,8,95737,24731,24,8324,JUNGLE,23.466666666666665,,silver
,,,,,,,,,,,,,silver
,,,,,,,,,,,,,silver
False,5,8,0,0,26,205912,29434,229,13919,TOP,32.35,,silver
True,4,3,259,259,14,10507,8468,21,5491,UTILITY,15.316666666666666,,silver
False,3,7,8750,830,19,127261,19004,158,9989,MIDDLE,25.116666666666667,,silver
False,3,9,2653,850,12,76141,18355,124,8918,BOTTOM,24.233333333333334,,silver
,,,,,,,,,,,,,silver
,,,,,,,,,,,,,silver
,,,,,,,,,,,,,silver
,,,,,,,,,,,,,silver
,,,,,,,,,,,,,silver
,,,,,,,,,,,,,silver
,,,,,,,,,,,,,silver
,,,,,,,,,,,,,silver
,,,,,,,,,,,,,silver
,,,,,,,,,,,,,silver
,,,,,,,,,,,,,silver
,,,,,,,,,,,,,silver
,,,,,,,,,,,,,silver
,,,,,,,,,,,,,silver
True,9,6,8302,5226,11,133150,19784,176,12263,BOTTOM,29.716666666666665,,silver
,,,,,,,,,,,,,silver
True,0,0,0,0,0,8076,871,36,1525,BOTTOM,5.05,,silver
False,3,4,10293,2442,10,162879,15314,241,11682,BOTTOM,31.966666666666665,,silver
True,1,2,10926,1627,14,90015,9339,176,8669,BOTTOM,26.666666666666668,,silver
True,5,0,4598,1995,1,51422,5428,125,6559,BOTTOM,15.6,,silver
True,9,1,17501,5317,12,116295,12613,153,11605,BOTTOM,25.766666666666666,,silver
True,8,7,15118,6153,15,105436,16356,153,10471,BOTTOM,26.1,,silver
True,8,5,15210,8245,6,129445,19990,179,12626,BOTTOM,28.5,,silver
True,8,0,10505,5370,13,117824,11770,201,12094,BOTTOM,26.133333333333333,,silver
True,2,2,6402,2030,8,93929,10394,196,9658,BOTTOM,24.9,,silver
True,9,5,22520,6584,16,190078,24103,206,14492,BOTTOM,34.916666666666664,,silver
,,,,,,,,,,,,,silver
,,,,,,,,,,,,,silver
,,,,,,,,,,,,,silver
,,,,,,,,,,,,,silver
,,,,,,,,,,,,,silver
,,,,,,,,,,,,,silver
,,,,,,,,,,,,,silver
,,,,,,,,,,,,,silver
,,,,,,,,,,,,,silver
,,,,,,,,,,,,,silver
,,,,,,,,,,,,,silver
,,,,,,,,,,,,,silver
,,,,,,,,,,,,,silver
,,,,,,,,,,,,,silver
,,,,,,,,,,,,,silver
,,,,,,,,,,,,,silver
,,,,,,,,,,,,,silver
,,,,,,,,,,,,,silver
,,,,,,,,,,,,,silver
,,,,,,,,,,,,,silver
,,,,,,,,,,,,,silver
,,,,,,,,,,,,,silver
,,,,,,,,,,,,,silver
,,,,,,,,,,,,,silver
,,,,,,,,,,,,,silver
,,,,,,,,,,,,,silver
,,,,,,,,,,,,,silver
,,,,,,,,,,,,,silver
,,,,,,,,,,,,,silver
,,,,,,,,,,,,,silver
,,,,,,,,,,,,,silver
,,,,,,,,,,,,,silver
,,,,,,,,,,,,,silver
,,,,,,,,,,,,,silver
,,,,,,,,,,,,,silver
False,1,13,17478,12660,32,199891,49889,188,13423,TOP,41.61666666666667,,silver
False,2,13,12497,10033,20,154216,51684,132,10883,TOP,35.516666666666666,,silver
False,1,13,4993,560,38,60220,23368,53,7637,UTILITY,31.5,,silver
True,2,3,3811,1505,28,21070,7220,11,6366,UTILITY,17.75,,silver
True,5,2,8526,1073,49,48013,14361,24,10129,UTILITY,26.683333333333334,,silver
False,2,8,383,383,48,43822,25938,38,7345,UTILITY,31.516666666666666,,silver
True,6,6,3477,971,67,61675,13273,39,10962,UTILITY,28.483333333333334,,silver
False,6,12,4794,658,84,95731,36254,57,11833,UTILITY,39.766666666666666,,silver
True,4,5,9047,861,55,44933,19876,39,9538,UTILITY,30.083333333333332,,silver
False,1,10,105,105,40,20593,19279,27,6872,UTILITY,29.483333333333334,,silver
True,8,4,3481,2262,46,24262,11941,12,9052,UTILITY,24.383333333333333,,silver
False,3,8,1236,0,48,46361,20400,48,8414,UTILITY,31.633333333333333,,silver
,,,,,,,,,,,,,silver
,,,,,,,,,,,,,silver
,,,,,,,,,,,,,silver
,,,,,,,,,,,,,silver
,,,,,,,,,,,,,silver
,,,,,,,,,,,,,silver
,,,,,,,,,,,,,silver
,,,,,,,,,,,,,silver
,,,,,,,,,,,,,silver
,,,,,,,,,,,,,silver
,,,,,,,,,,,,,silver
,,,,,,,,,,,,,silver
,,,,,,,,,,,,,silver
,,,,,,,,,,,,,silver
,,,,,,,,,,,,,silver
,,,,,,,,,,,,,silver
,,,,,,,,,,,,,silver
,,,,,,,,,,,,,silver
,,,,,,,,,,,,,silver
,,,,,,,,,,,,,silver
,,,,,,,,,,,,,silver
,,,,,,,,,,,,,silver
,,,,,,,,,,,,,silver
,,,,,,,,,,,,,silver
,,,,,,,,,,,,,silver
,,,,,,,,,,,,,silver
,,,,,,,,,,,,,silver
,,,,,,,,,,,,,silver
,,,,,,,,,,,,,silver
,,,,,,,,,,,,,silver
,,,,,,,,,,,,,silver
True,10,7,5814,5625,16,119787,18658,145,12756,BOTTOM,34.166666666666664,,silver
True,0,0,0,0,0,592,0,0,500,BOTTOM,1.7833333333333334,,silver
,,,,,,,,,,,,,silver
,,,,,,,,,,,,,silver
,,,,,,,,,,,,,silver
False,5,5,1622,1622,23,164135,17336,238,12906,BOTTOM,31.316666666666666,,silver
False,3,7,6788,545,20,129630,19836,189,10746,BOTTOM,29.783333333333335,,silver
False,5,6,3065,2664,9,131949,20631,172,10509,BOTTOM,25.716666666666665,,silver
True,13,8,6764,1014,16,213116,27398,225,17721,BOTTOM,35.416666666666664,,silver
,,,,,,,,,,,,,silver
,,,,,,,,,,,,,silver
,,,,,,,,,,,,,silver
,,,,,,,,,,,,,silver
,,,,,,,,,,,,,silver
,,,,,,,,,,,,,silver
,,,,,,,,,,,,,silver
,,,,,,,,,,,,,silver
,,,,,,,,,,,,,silver
,,,,,,,,,,,,,silver
,,,,,,,,,,,,,silver
False,3,8,6269,3569,21,206094,35633,243,13567,MIDDLE,37.233333333333334,,silver
True,5,7,6274,5598,9,123518,22397,170,11019,MIDDLE,24.7,,silver
True,15,8,19357,7335,15,199143,28944,195,17791,MIDDLE,31.35,,silver
True,9,12,19829,4804,40,224525,31427,222,16260,MIDDLE,40.4,,silver
False,0,17,318,318,41,23904,27137,20,7026,UTILITY,32.18333333333333,,silver
False,7,9,4898,3013,17,157101,22568,170,11197,MIDDLE,30.216666666666665,,silver
False,3,13,1902,1902,45,79249,21212,70,8525,UTILITY,30.25,,silver
True,6,6,10249,2913,18,131614,14446,152,10598,MIDDLE,26.566666666666666,,silver
True,7,5,11709,3746,35,152912,21312,175,12918,MIDDLE,34.03333333333333,,silver
False,1,2,3491,1008,8,65424,6318,111,5331,MIDDLE,16.55,,silver
,,,,,,,,,,,,,silver
False,18,7,17492,7909,17,141160,22739,175,17164,BOTTOM,25.033333333333335,,silver
True,10,2,7326,7326,10,107064,8467,166,11248,BOTTOM,18.683333333333334,,silver
True,16,2,18476,3561,18,124766,17823,145,13794,BOTTOM,28.066666666666666,,silver
True,9,0,3757,3757,14,65758,4915,131,8880,BOTTOM,15.25,,silver
False,5,5,624,571,14,70625,14194,119,7890,MIDDLE,21.65,,silver
True,10,4,8341,4358,20,121163,21348,190,13772,BOTTOM,29.6,,silver
True,19,4,9893,9893,6,93335,8567,108,11693,BOTTOM,15.45,,silver
False,10,6,7309,2779,14,165321,22973,209,14236,BOTTOM,28.6,,silver
,,,,,,,,,,,,,silver
,,,,,,,,,,,,,silver
,,,,,,,,,,,,,silver
,,,,,,,,,,,,,silver
,,,,,,,,,,,,,silver
,,,,,,,,,,,,,silver
,,,,,,,,,,,,,silver
False,0,4,0,0,7,9032,6919,13,3936,UTILITY,20.483333333333334,,silver
False,0,7,7089,581,22,164321,19928,215,8674,TOP,28.6,,silver
True,8,10,8706,4512,16,203685,30884,198,15058,BOTTOM,35.43333333333333,,silver
True,4,4,23391,8879,19,170104,32025,189,11730,TOP,23.75,,silver
False,1,11,2817,896,88,43007,41445,26,10545,UTILITY,45.833333333333336,,silver
True,7,6,16205,9517,25,105462,30855,146,11747,TOP,28.6,,silver
True,4,9,7364,4192,15,143074,40944,166,11934,TOP,32.13333333333333,,silver
False,5,5,5500,2377,10,96939,34785,127,9255,TOP,23.55,,silver
True,6,1,6420,1606,9,82121,20077,140,9179,TOP,22.516666666666666,,silver
True,14,2,37397,9733,30,216603,41570,172,15076,TOP,30.016666666666666,,silver
,,,,,,,,,,,,,silver
,,,,,,,,,,,,,silver
,,,,,,,,,,,,,silver
,,,,,,,,,,,,,silver
,,,,,,,,,,,,,silver
,,,,,,,,,,,,,silver
,,,,,,,,,,,,,silver
,,,,,,,,,,,,,silver
,,,,,,,,,,,,,silver
,,,,,,,,,,,,,silver
